gene1,gene2,weight
AARS1,DIDO1,4.9067547952143995
AARS1,HSPA9,4.0942319326735115
AARS1,SRSF3,5.1991675836135265
AARS1,STRN4,4.989477248734694
ABCC5,ABHD2,4.151885699798376
ABCC5,ACACA,5.251670161396366
ABCC5,ACTR2,5.5053645646268805
ABCC5,APOH,3.244598178236315
ABCC5,ARF6,3.8060014606944543
ABCC5,ARHGAP35,5.503754862676689
ABCC5,ATP5H,4.776461436415161
ABCC5,BBC3,4.718839194789924
ABCC5,BCLAF1,5.5026576469825255
ABCC5,BIK,4.850759507543048
ABCC5,BIRC2,4.15199086074369
ABCC5,BIRC3,4.147942823900833
ABCC5,BMP4,5.655418174280253
ABCC5,BRAP,5.235873261317355
ABCC5,BRD8,3.0922112465097737
ABCC5,BRPF3,4.816272188278075
ABCC5,BTRC,5.018259020449506
ABCC5,CASD1,4.297782147686043
ABCC5,CCNG1,4.958589066692404
ABCC5,CDH11,5.766927223542297
ABCC5,CDIPT,3.417976909313939
ABCC5,CELSR2,3.679665856476092
ABCC5,CRY1,5.829397808211007
ABCC5,CSNK1A1L,3.067042026205864
ABCC5,CSNK1G3,4.237355520891596
ABCC5,CTBP2,4.881896364141734
ABCC5,CYP1A1,5.56438586352278
ABCC5,DAG1,4.322315610681878
ABCC5,DGCR14,4.908248006462141
ABCC5,DGKA,4.764692462306203
ABCC5,DHH,4.930509356003029
ABCC5,DIS3,3.12364210250532
ABCC5,EPHA3,3.681441321961188
ABCC5,FGF9,4.746148721282962
ABCC5,FOXF2,3.571202509859419
ABCC5,GABBR1,4.344194162250998
ABCC5,GIT2,3.8098234635843546
ABCC5,GPR139,3.1115930327443113
ABCC5,GPR26,3.773840718287137
ABCC5,GPR61,4.860286682830885
ABCC5,GPR82,5.0315871650366315
ABCC5,GREB1,4.684851955966235
ABCC5,GRIN3A,3.1476079541262436
ABCC5,GRK6,5.674099737395895
ABCC5,GTF2A1,4.260060706071821
ABCC5,GTF2F2,5.423854382720386
ABCC5,H2AFV,5.914159454911573
ABCC5,HDAC10,5.767039993608603
ABCC5,HMGB3,5.893744711346349
ABCC5,IFNB1,3.336488396157071
ABCC5,ITPR2,3.301339255615988
ABCC5,KSR2,3.9331973478231124
ABCC5,MAN1A1,3.558236945958744
ABCC5,MAP2K6,4.202370802949792
ABCC5,MAT2B,3.721634365780208
ABCC5,MCM2,3.2507061872336402
ABCC5,MCM5,4.451446670140079
ABCC5,MDH1,4.62447597404911
ABCC5,MED21,5.745032261452119
ABCC5,MESP1,4.826591266416518
ABCC5,MIF,4.244314648440808
ABCC5,MITF,5.535900192353116
ABCC5,MXD4,4.848147189932293
ABCC5,MYLK2,4.526058840150505
ABCC5,MYNN,3.9482511419693025
ABCC5,NARS,3.829426611820045
ABCC5,NFATC3,3.2591938093065527
ABCC5,NRP1,3.3796730802047112
ABCC5,OXGR1,4.5741553404892255
ABCC5,PAK1,4.627972032465493
ABCC5,PAK3,4.875779193654919
ABCC5,PASD1,5.622155890512149
ABCC5,PHF19,5.751742809098063
ABCC5,PHF5A,4.505411961634181
ABCC5,PIK3R3,5.579475069627469
ABCC5,PKN1,3.3444520493558576
ABCC5,PPP1CA,4.484310602563076
ABCC5,PRDM4,3.114730693609542
ABCC5,PSMA8,5.2237867084181016
ABCC5,PSMB2,3.0930523156986345
ABCC5,PSMD2,5.359921613547685
ABCC5,PTPRG,3.587429943920155
ABCC5,RBPJ,5.033531284996213
ABCC5,RCCD1,5.082588163329397
ABCC5,RPTOR,5.421901836458026
ABCC5,S100Z,4.379856312633766
ABCC5,SERPINB5,4.416658528189291
ABCC5,SERPINH1,4.183172323877601
ABCC5,SIRT7,3.808071724291375
ABCC5,SLC12A7,5.7737390120295755
ABCC5,SLC25A24,3.3142373498896016
ABCC5,SLC29A1,5.82457347714748
ABCC5,SLC2A4RG,4.250836637441128
ABCC5,SLC30A2,3.7750473895106724
ABCC5,SLC30A8,3.996360595087374
ABCC5,SLC36A4,3.7965276717095104
ABCC5,SLC38A1,4.718988916970073
ABCC5,SMAD5,3.713380976434097
ABCC5,SMU1,4.922350182796113
ABCC5,SOCS1,3.0958718675961885
ABCC5,SPARC,5.580271183609973
ABCC5,ST14,5.848777407193396
ABCC5,TDRD9,5.7251393248944265
ABCC5,TMED9,3.0455915520169583
ABCC5,TNFRSF12A,3.3628804525586866
ABCC5,TNFRSF18,5.655498363566495
ABCC5,TNPO3,4.16912664953349
ABCC5,TRPM5,3.2825049663163353
ABCC5,TSG101,5.4229676247429905
ABCC5,TXNRD2,5.453659203843932
ABCC5,TXNRD3,4.810467568963402
ABCC5,UBE3A,5.953837754831094
ABCC5,ULK3,3.571815018305478
ABCC5,UQCRB,4.006092452097848
ABCC5,YES1,4.914093645452804
ABCC5,ZBTB26,4.7264875804737265
ABCC5,ZNF133,5.074261087946398
ABCC5,ZNF24,4.601226649190153
ABCC5,ZNF324,3.6001862698780602
ABCC5,ZNF426,4.623949370822075
ABCC5,ZNF486,3.3128259582299595
ABCC5,ZNF496,3.9149812336400434
ABCC5,ZNF501,4.628271220618585
ABCC5,ZNF597,3.505632493520219
ABCC5,ZNF621,4.865680930140048
ABCC5,ZNF786,5.820745046800611
ABCC5,ZNF805,5.722037637641959
ABCF3,ATG3,5.786351943447155
ABCF3,KLRC1,5.969423404520972
ABCF3,PSMA1,3.0979670685305907
ABCF3,PSMB2,4.9136907818278
ABCF3,PSMB5,4.327719787854241
ABCF3,QDPR,4.533462534352507
ABCF3,TMEM11,3.626589870826269
ABHD3,PSMB2,3.8404479635429802
ABHD3,PSMD2,3.22303762641985
ABHD4,CARD9,4.334877428910318
ABHD4,CASC3,5.858693036510605
ABHD4,KEAP1,3.2150746380226423
ABHD4,NKX2-3,5.82141945592053
ABHD4,PNN,4.746879424105307
ABHD4,PSMA1,5.994815765171534
ABHD4,PSMA3,5.789483425078197
ABHD4,PSMB1,4.989632397800516
ABHD4,PSMB2,4.196279181253159
ABHD4,PSMB5,5.177688144603335
ABHD4,PSMD1,3.8879342871489593
ABHD4,PSMD2,5.222501653661427
ABHD4,PSMD4,5.611624580110449
ABHD4,SFPQ,4.166952718233257
ABHD4,SPRY2,3.2423479345094575
ABHD4,TSG101,3.472419912071653
ABHD4,UBQLN2,3.870135065096025
ABHD5,PSMA1,4.663371738626079
ABHD6,ANPEP,5.285072042887495
ABHD6,ARNTL2,3.359758965809647
ABHD6,BNIP2,4.6949563409616015
ABHD6,BNIP3L,4.30144374372374
ABHD6,DFFB,3.435335854545449
ABHD6,DGCR14,4.462731142335462
ABHD6,F5,3.422737133990171
ABHD6,FADS1,5.56406038389636
ABHD6,GABBR2,5.94929310638479
ABHD6,GALT,5.899616401448162
ABHD6,HAL,4.3632993289950806
ABHD6,HBP1,5.19639761248678
ABHD6,HES5,4.359199699094474
ABHD6,HLA-DQB1,3.49404184605213
ABHD6,HOXC4,3.6671955907767124
ABHD6,LHX4,4.714337056484432
ABHD6,LPAR3,4.046406725490744
ABHD6,MCCC1,5.199374216966276
ABHD6,MMP7,3.1274870864270663
ABHD6,NAIP,5.083038313717814
ABHD6,NKX2-5,3.7418549793360207
ABHD6,P4HA1,4.285941827328584
ABHD6,PSMD3,4.228365462107355
ABHD6,RARG,3.4794457933334724
ABHD6,SARS,5.347288903514682
ABHD6,SCAND1,5.0742034019912685
ABHD6,SSB,3.504361912498414
ABHD6,TDRD9,4.20836099727918
ABHD6,UGCG,4.02043496004328
ABHD6,WARS,4.106352604163217
ABHD6,ZNF398,5.852040873813506
ABHD6,ZNF561,3.202866860499981
ABHD6,ZNF643,5.369755567255576
ABL1,RNF125,4.871942388523461
ABL2,PSMA3,4.07863641924741
ABL2,PSMB2,3.8709842967784396
ACAT2,ACAT2,3.575375882462199
ACAT2,ACLY,4.338364976346453
ACAT2,FBP1,5.638662280289867
ACAT2,HMGCS1,3.6053882743331362
ACAT2,LMNA,4.572183914360719
ACAT2,NDUFA5,3.814076729467553
ACAT2,NFKBIE,4.190470326655166
ACAT2,PLCG2,3.822078166053978
ACAT2,RELN,4.335357121410925
ACAT2,RPL7,3.2606494514366906
ACAT2,SLC1A6,4.380969384377144
ACAT2,SREBF2,5.908947863059472
ACAT2,TASP1,3.976506178946921
ACAT2,UNC13B,4.6576892390531395
ACBD3,ACBD3,5.243242155321974
ACBD3,IL2RB,4.538699190930961
ACBD3,ZNF561,5.912136998532125
ACBD4,E2F5,4.8039570954772355
ACD,ANKRD49,5.631224383560059
ACD,NDUFA2,5.3320178210405
ACD,SUPV3L1,5.439836226780272
ACLY,ACLY,3.693333598113811
ACSL5,PSMB2,5.3719984760025845
ACTR1B,PSMA1,5.167844255304129
ADAM10,ABCG5,3.5563008411601293
ADAM10,AHR,4.163416345332051
ADAM10,APOH,3.535757243693797
ADAM10,CDK11B,3.206559629889223
ADAM10,DIS3,4.445211725725089
ADAM10,DUSP7,4.240850843126656
ADAM10,ENDOG,5.867683103577701
ADAM10,FASLG,3.354585282892098
ADAM10,HDAC8,4.591772029209656
ADAM10,NFATC2,4.145663540368957
ADAM10,NFE2L1,5.130714415843849
ADAM10,PLCG2,4.465881918401186
ADAM10,SUPT5H,4.211646339565796
ADAM10,TWIST1,5.9016444005334305
ADAM10,UQCRC1,3.231195980449719
ADAM10,ZNF786,3.2320514607637323
ADAM17,PSMB2,4.979544742685424
ADAMTS20,WARS,4.3116350509788095
ADAT1,CDIPT,5.940698773923952
ADAT1,CYP1A1,4.155194651425754
ADAT1,DCPS,4.972637474207762
ADAT1,GTF2A1,3.7911182947958286
ADCY10,WARS,5.1614819922129005
ADGRE1,CHMP2A,5.990747838031556
ADGRE1,PTMS,5.032093176660101
ADGRE5,BRAP,5.4894122615906165
ADGRE5,CD97,5.426214619789528
ADGRE5,DHFR,5.420783428992863
ADGRE5,IL18,5.597316695474119
ADGRE5,LMNA,5.773740938583302
ADGRE5,MRGPRX2,3.5829355542773396
ADGRE5,TIRAP,5.724548531250669
ADGRE5,ZNF434,3.6399366163214895
ADGRG1,AQP12A,4.867536581470138
ADGRG1,ATP2A2,4.300835527692641
ADGRG1,ATP6AP1,4.963501998004169
ADGRG1,ATP6V0C,4.829174240964005
ADGRG1,BHMT,5.7502935519016125
ADGRG1,BMP4,5.236528720902378
ADGRG1,CCL20,4.765272461576152
ADGRG1,ERGIC1,5.2544726813074565
ADGRG1,FGB,3.228230493373145
ADGRG1,FZD2,5.903977548061104
ADGRG1,GPR56,5.752016865031699
ADGRG1,GPR78,3.9819005004761996
ADGRG1,HLA-DQA1,5.799238472434328
ADGRG1,HLA-DQB1,5.216675072380402
ADGRG1,IL11RA,4.199523950253395
ADGRG1,IL2RB,3.1612295526559837
ADGRG1,ISL1,5.445772768675695
ADGRG1,MARS,5.92362620087116
ADGRG1,MECP2,4.965751388489409
ADGRG1,NDRG1,3.457487782766515
ADGRG1,NDUFB2,5.279074406810315
ADGRG1,NDUFS7,4.840483663994771
ADGRG1,NMUR2,3.0901978438861963
ADGRG1,NPRL2,5.2934017500396635
ADGRG1,PDCD2,3.747533307256389
ADGRG1,PHF21B,4.422675486559708
ADGRG1,PLAT,3.732711376685408
ADGRG1,PSMA3,4.421178698324901
ADGRG1,PSMB5,4.253522553187649
ADGRG1,QDPR,5.335516563794811
ADGRG1,SIRT3,5.5730492290169025
ADGRG1,TNFRSF11A,3.9085500097319525
ADGRG1,TRIP10,5.09412358160067
ADGRG1,USP47,4.384470630371979
ADGRG1,VAV3,5.9748251255881595
ADGRG1,WNT7B,5.083730999675064
ADGRG1,ZNF787,4.381446634854226
ADGRV1,WARS,4.495242653343222
ADH5,ABCB1,5.106973525123072
ADH5,ACO2,5.9690044066767705
ADH5,ADH5,5.410747354974201
ADH5,CALM2,5.356013158775676
ADH5,CLPB,3.010207904890554
ADH5,DCPS,5.518622901334165
ADH5,DHH,3.8750754552801507
ADH5,ELF3,4.979101784742912
ADH5,EZH1,3.7813558827214933
ADH5,FECH,5.620921587910045
ADH5,HAL,5.426059957822684
ADH5,HMGB2,3.6543271417333174
ADH5,KLF3,3.859692120504255
ADH5,ME3,3.2473596641742786
ADH5,NXF1,3.2370634178498916
ADH5,PAK3,5.8681928484744805
ADH5,PAPD7,3.123504451994757
ADH5,PPIC,3.8197629641586577
ADH5,PRKAA1,4.3731763067953935
ADH5,PSMG1,3.346656099197385
ADH5,SLC16A1,4.766855766371092
ADH5,SRC,4.004634898628005
ADH5,SUCNR1,5.058494049464457
ADH5,TCERG1,4.53952086786671
ADH5,TF,5.436185767363858
ADH5,TRAM2,5.112881503286096
ADH5,WWTR1,4.044001117649124
ADH5,ZNF449,3.453929562763463
ADH5,ZNF662,3.780869363214163
ADI1,ACO2,5.685829631847847
ADI1,ADI1,5.58730313833424
ADI1,ALDH3B1,5.992264985870369
ADI1,ALDH5A1,5.361336447016528
ADI1,ANXA3,4.805392171751509
ADI1,AOC3,3.278676217840405
ADI1,APEX1,4.659364813519172
ADI1,BAX,5.274676481088999
ADI1,BHMT2,3.5865064259936705
ADI1,CAND1,3.6393414051761623
ADI1,CERS2,5.344140588554381
ADI1,CRCP,3.4256900663629195
ADI1,CSF3,3.7248660092973838
ADI1,CYP3A5,4.816734105708765
ADI1,DGCR14,5.581079107459051
ADI1,DGKZ,5.659896093293664
ADI1,DHRS3,5.208157433703052
ADI1,DIS3,4.295622706820078
ADI1,ECI1,4.518736672907979
ADI1,EIF2C3,5.320772912593492
ADI1,EPC1,4.068275262212817
ADI1,EWSR1,3.3332875107068642
ADI1,EXOC6,3.825950187390657
ADI1,FFAR1,3.5272108824226653
ADI1,FRAT2,5.916457545210112
ADI1,GALNS,3.622761819014799
ADI1,GIT2,3.627571259657822
ADI1,GPR111,5.488271021412681
ADI1,GPR39,3.7919643811770145
ADI1,HCAR1,4.518987456919238
ADI1,HHEX,5.108169723852569
ADI1,HMGB3,5.129524751697726
ADI1,HOXA1,4.555373244844537
ADI1,IDH3G,5.529605433008278
ADI1,INPP5D,4.426419126980379
ADI1,ISL1,3.0203076922098364
ADI1,ITPR1,3.0343310145595974
ADI1,LANCL1,4.77112895481932
ADI1,LEPRE1,5.302965349951204
ADI1,LHX2,3.2841382275804043
ADI1,LIPT1,4.7315110524253985
ADI1,MAP3K8,5.799630651335287
ADI1,MDM4,3.74236580190544
ADI1,MIF,4.3268530416171265
ADI1,MLLT10,3.0615600450053457
ADI1,MNAT1,3.6700535719750675
ADI1,MXD3,3.575371156721201
ADI1,NDUFS3,4.511232171020662
ADI1,NFYB,3.7829212552328952
ADI1,NKX2-1,3.0485147135727466
ADI1,OR5W2,5.637073549950173
ADI1,OTUD7A,3.468261661912851
ADI1,PISD,4.957972556987267
ADI1,PLCB3,3.9102835884502336
ADI1,PMAIP1,3.456606840281876
ADI1,PON3,5.826796011054556
ADI1,PPP3CB,4.600315185722131
ADI1,PSEN1,5.9920414200989836
ADI1,PSMD3,3.7086821992450942
ADI1,QPRT,5.359918910185204
ADI1,RAC3,5.843607441943391
ADI1,RNF166,3.8845485661990766
ADI1,S100A1,3.4588557931128547
ADI1,SLC22A18,4.037753693636159
ADI1,SLC38A2,5.11221507689303
ADI1,SMOX,5.4585444165728845
ADI1,SNAPC1,4.895957621492116
ADI1,SNF8,4.723390360281758
ADI1,SREBF2,5.190133154939102
ADI1,SUCLA2,5.098214475279323
ADI1,TAF13,5.943007558213484
ADI1,TNFSF10,3.9026637008322136
ADI1,UGT1A1,3.681312596621697
ADI1,ULK3,5.606550845224894
ADI1,UROD,3.66908302274524
ADI1,USP15,4.539631439388145
ADI1,WFDC2,5.009351445228772
ADI1,XPR1,5.076896179626839
ADI1,ZFYVE19,4.237800669746479
ADI1,ZNF133,4.527805693401526
ADI1,ZNF212,3.7720875479059575
ADI1,ZNF22,3.3291353451356565
ADI1,ZNF24,3.140377035017811
ADI1,ZNF268,5.160645573798462
ADI1,ZNF398,4.40162089268304
ADI1,ZNF432,4.600898087516209
ADI1,ZNF576,4.3085583508845735
ADI1,ZNF625,4.257320208835033
ADI1,ZSWIM2,4.1059899672936915
ADM,PSMB2,4.870402442530523
ADO,ADORA2B,5.723176864989425
ADO,DCPS,3.8270830820267236
ADO,FBP1,5.162430631173741
ADO,HCAR1,3.9317422408871057
ADO,IL12A,5.226577913295108
ADO,LPAR1,5.8126973434514735
ADO,NR1H3,4.969971440860386
ADO,PPP3CB,3.0505711736902623
ADO,PSMB2,3.738412272935947
ADO,TCEB3C,3.9605557037082266
ADO,ZNF426,5.143171423833723
ADRB2,ADH6,5.445659239857222
ADRB2,AMD1,5.9485581323075065
ADRB2,AMPD2,4.2310745887368695
ADRB2,APOM,3.5729630615871124
ADRB2,ARL3,5.937262102619434
ADRB2,BBC3,3.8260151043926087
ADRB2,BCL2L13,5.38003415521462
ADRB2,BRAP,5.341064452242817
ADRB2,C1QBP,5.66287747870683
ADRB2,C3,4.2938456990998
ADRB2,CASP4,3.2691872070668957
ADRB2,CCNL1,5.998480395321154
ADRB2,CD59,5.5754130410267
ADRB2,CDC42,4.690611709782987
ADRB2,CFD,4.586046780797157
ADRB2,CYP3A5,4.6874534752677075
ADRB2,DAP,5.296942902076561
ADRB2,DDX39B,3.872225397652735
ADRB2,DNMT3L,4.296443494308299
ADRB2,DTX2,5.416616733569698
ADRB2,EDN1,4.340482775136159
ADRB2,EIF4EBP1,3.8695787574786347
ADRB2,EPCAM,3.0876723590595834
ADRB2,ESPL1,4.018944496942255
ADRB2,ESR2,5.544575881990442
ADRB2,FABP1,4.863544151257102
ADRB2,FGA,3.261879412484184
ADRB2,G3BP2,5.615873431205781
ADRB2,GATAD2A,5.292298705123657
ADRB2,GBA,4.676936905301869
ADRB2,GNG8,3.722614142926653
ADRB2,GPR62,5.459594135074143
ADRB2,GPR82,5.771474346800078
ADRB2,GTF2F2,5.7024965420904525
ADRB2,GUSB,4.863575280886707
ADRB2,IFNAR2,5.091977901708071
ADRB2,IL11,5.255097646666736
ADRB2,ISX,4.077039744685103
ADRB2,ITGA2,5.972265577787985
ADRB2,KCNN4,5.694901747283888
ADRB2,KRT26,4.915772354924172
ADRB2,LDLR,3.3794888556927405
ADRB2,LGALS3,4.229119366476496
ADRB2,LPHN2,4.804446093351504
ADRB2,MAP3K8,3.3386388022220275
ADRB2,MCM6,5.549614642459129
ADRB2,MGAT1,4.648530377990862
ADRB2,MIF,4.660085035761274
ADRB2,MUT,4.133816107522119
ADRB2,NAT1,4.641995690224851
ADRB2,NDUFS1,4.8627995313145504
ADRB2,NFATC3,5.8982297505374355
ADRB2,NRBP2,3.6941934151814966
ADRB2,NRIP3,4.761377303467942
ADRB2,OAS1,3.975687785081593
ADRB2,OGDH,5.355215973868167
ADRB2,P2RY8,5.857035000442939
ADRB2,PDAP1,3.6464282629217473
ADRB2,PDGFRA,4.489101391239936
ADRB2,PHF17,5.7295141986670695
ADRB2,PIK3C3,4.496887591733326
ADRB2,PIM3,5.378296893085121
ADRB2,POLA1,4.223011171170332
ADRB2,POLR1E,5.0869653265756885
ADRB2,PPIG,3.3342542296256497
ADRB2,PRDM7,3.243974160807694
ADRB2,PRDX2,5.638592798959964
ADRB2,PSMD2,5.912339699120318
ADRB2,PTK2B,5.752202556010131
ADRB2,RALGDS,4.212972009536514
ADRB2,RASSF5,3.885119178832723
ADRB2,RBMX,4.718845937182392
ADRB2,RCCD1,5.319810174807978
ADRB2,SIX4,4.603715348528388
ADRB2,SMARCC2,3.9295011705564606
ADRB2,SOX3,5.8948487549649276
ADRB2,SP100,3.330050465910351
ADRB2,SPHK2,4.971385847500241
ADRB2,SULT1A3,4.752088649129515
ADRB2,SYT1,3.145696837283214
ADRB2,TAL2,5.914812745276796
ADRB2,TIMM50,4.677943817095501
ADRB2,TK1,3.524687132695874
ADRB2,TOLLIP,5.273835722458848
ADRB2,TSHZ3,4.87475325418474
ADRB2,TTR,4.520545033239447
ADRB2,UAP1,4.067752537519921
ADRB2,UBP1,3.4641384002503166
ADRB2,WARS,4.056615625390566
ADRB2,WNT11,5.983852973827836
ADRB2,WNT7B,4.149950494338096
ADRB2,WNT9B,4.66802070477686
ADRB2,ZNF174,3.064904144343749
ADRB2,ZNF366,5.028784996032663
ADRB2,ZNF426,5.640075764677887
ADRB2,ZNF432,4.503736614188389
ADRB2,ZNF595,4.502599410972884
ADRM1,PSMA1,4.705806089305514
ADRM1,PSMB2,3.8482507688107255
AFF4,NXF1,5.412178045963959
AFF4,RPL7,5.104710093061822
AGL,DCLRE1B,4.571824353954216
AGL,GPR39,3.112916765291372
AGL,PSMB2,5.6277617820786725
AGL,RPS13,4.2221562643732335
AGL,ZNF643,4.8955306014983275
AGMAT,WARS,3.6905584537211737
AGO2,PSMB2,5.13657839159989
AHSA1,PSMB2,3.5008033398104104
AIPL1,WARS,3.6687402354801204
AIPL1,ZNF561,3.6664289275130257
AKAP3,ZNF561,5.02688702809415
AKAP8L,E2F5,4.863742815250835
AKAP8L,MAP2K2,3.015939957343053
AKAP8L,POLR2F,5.753527214466825
AKAP8L,PSMB2,4.885087760906573
AKAP8L,RCCD1,5.546801932852066
AKAP8L,RPL7,4.665528746038658
AKAP8L,SLC25A5,3.031408946769373
AKR7A2,AKR7A2,5.41939623225681
AKR7A2,ATP5G1,4.700657720284553
AKR7A2,CARS,5.775121847625026
AKR7A2,FADS1,3.8735151618471626
AKR7A2,GABPB2,5.599829369098229
AKR7A2,GPR133,3.7047889951906114
AKR7A2,HLA-DRB3,3.6066933406682264
AKR7A2,LMNA,5.140921642348035
AKR7A2,NKX2-3,4.9557863132680335
AKR7A2,NXF1,3.5023664992073287
AKR7A2,PAN2,3.9975062081779593
AKR7A2,PAQR8,5.02599464532658
AKR7A2,PMF1,3.279293464976158
AKR7A2,PPARA,4.727659222599774
AKR7A2,PSMA1,5.621627638453407
AKR7A2,PSMA3,4.390297602820485
AKR7A2,PSMB2,4.400198581829223
AKR7A2,PSMB5,3.3017791435381953
AKR7A2,SP100,5.012381670869044
AKR7A2,TNFSF4,5.926997648318615
AKR7A2,USF1,5.400819543817905
AKR7A2,WARS,5.153237858721262
AKR7A2,ZNF595,3.3417985904217415
AKR7A2,ZNF677,4.422414599617074
AKR7A3,AKR7A2,4.098074762295271
AKR7A3,GABPB2,4.66573894517051
AKR7A3,PAQR8,5.330477463431617
AKT1,AKT1,5.575269126692273
AKT1,CDK11B,4.097395341616213
AKT1,LGR6,5.057913345766368
AKT1,LRPPRC,5.7228749201443225
AKT1,MESP1,3.4953383737168293
AKT1,NFE2L1,3.935631902986524
AKT1,PARN,5.313724802517822
AKT1,PSMB5,4.091066008343268
AKT1,PSMD2,5.629291966128816
AKT1,RFX6,4.511727793628463
AKT1,RNGTT,5.292462692825945
ALAS1,ALAS1,5.596637175338584
ALAS1,PSMB2,3.18242785851701
ALDOA,ALDOA,3.4246076079290986
ALDOA,DDX10,3.3178570065705957
ALDOC,ATP6V0C,3.9288969977888044
ALDOC,NDUFB3,3.5850601022881263
ALDOC,SUPT5H,3.939811650670607
ALOXE3,RPL7,4.707310322258758
ALPP,ZNF561,3.450438162939649
AMDHD2,F11,3.6111558824694705
AMDHD2,GNAI3,5.032135802379655
AMDHD2,IL2RB,4.6836589643500055
AMDHD2,UGT1A6,3.484405603397854
AMDHD2,USP9X,3.341425392110645
AMDHD2,ZNF559,3.2662421254455296
AMIGO2,RFC2,5.582074864978146
ANKRD10,ANKRD10,3.7572202829571033
ANO10,AHRR,3.2885860199214076
ANO10,ATP2A2,5.526337500982937
ANO10,DIS3,3.080520212495674
ANO10,GRIN3A,4.240891419351405
ANO10,HCAR1,4.9935483861357
ANO10,IL2RB,4.926635371193473
ANO10,KDM1A,5.908382503622827
ANO10,NME9,5.209795998988855
ANO10,PRKAA2,5.287942261648732
ANO10,QPRT,4.169054874818784
ANO10,SLC2A4RG,4.609814935061054
ANO10,SP100,3.494517386458946
ANO10,SPAG4,3.6953545290351273
ANO10,XK,5.960232473766368
ANO10,ZBTB20,5.946681929104094
ANO10,ZBTB24,4.089536851142128
ANXA4,PRKCE,4.853350341310949
ANXA4,TOMM70A,3.973529366904379
ANXA7,ABCB7,3.3887695739266532
ANXA7,ANXA7,4.300905312268748
ANXA7,DGKD,3.8229232466014476
ANXA7,EHHADH,5.9584652641183915
ANXA7,GABPB1,5.6678265260461105
ANXA7,NPY1R,3.0187197892031064
ANXA7,PPP2R3A,4.88459191164775
ANXA7,PRKCH,4.176538863819225
ANXA7,PRNP,5.63303568088034
ANXA7,SERINC3,4.828587942368829
ANXA7,ZNF524,5.194489505906983
ANXA7,ZNF561,3.159346578010118
AOC2,PSMA1,5.402305605676281
AOC2,PSMB2,5.61838834098334
AP1G1,PSMA1,4.698648175705335
AP1G1,PSMB2,3.936419267350016
AP1G1,PSMB5,4.753082607331702
AP3S2,ZNF643,3.899755063111598
AP5Z1,PSMB2,5.632003305328784
APBB2,ANG,5.2097944016167945
APBB2,ANXA1,5.316974127181533
APBB2,BIRC3,4.820912410643452
APBB2,C1S,5.438348453821643
APBB2,CASP2,3.3410014032861874
APBB2,CPT2,5.241930679238385
APBB2,DCPS,3.0375350664284295
APBB2,ITGA1,4.346894396715321
APBB2,OSR2,5.076303847511959
APBB2,PRKCI,5.424057144675388
APBB2,WARS,4.899629563837199
APBB2,ZNF643,3.091443615216558
APOE,CHD8,3.500139269506359
APOE,CLCN3,5.198711667364913
APOE,CPD,4.9194536900576935
APOE,GPI,4.450786730074855
APOE,PAPD7,3.627506541164684
APOE,PIK3CD,5.237244572031459
APOE,PPARA,5.246722543978958
APOE,PURA,4.983993264510456
APOE,QDPR,4.719089911081177
APOE,SOX2,5.3518751819262445
APOE,TBCB,3.545628261205157
APOE,TLR9,5.648929098721018
APOE,TNFRSF11A,4.978729247215491
APOE,ULK3,5.5020817604555425
APOL5,ZNF561,5.253860932224775
APPBP2,RBBP6,5.779460632691135
AREG,RPL7,4.78062605490379
ARFGAP3,HSPA5,4.277379216834476
ARFIP2,ARFIP2,5.714217975626772
ARHGAP1,ARHGAP1,5.343954065269197
ARHGAP1,TUBB3,4.293811921433436
ARHGAP1,ZNF517,3.153874221389767
ARHGAP1,ZNF562,4.790460153463064
ARHGEF12,ARHGEF12,3.5817407959380048
ARHGEF2,NID1,3.8048468318219575
ARHGEF2,PSMA1,4.202353936911878
ARHGEF2,PSMB1,3.939752953048089
ARHGEF2,PSMB2,3.36345861548069
ARHGEF2,PSMB5,5.630088633198531
ARHGEF2,SFPQ,4.7850378990441484
ARID4B,CDC20,4.71754573638913
ARID4B,CP,4.650985330670011
ARID4B,PSMA1,5.380196961725385
ARID4B,PSMA3,4.23214731692169
ARL1,HSPA5,4.691767274242888
ARL4D,E2F5,5.61552549988935
ARMCX4,WARS,4.687776668094415
ARPP19,APC,3.8132025001486136
ARPP19,CAST,5.608332057753417
ARPP19,CP,5.168091068774947
ARPP19,ENPP1,4.513659325855015
ARPP19,GBP2,4.383500663013308
ARPP19,LPXN,4.550852318020945
ARPP19,RBP1,4.480405164702701
ARPP19,RPS6KB1,5.637873937791377
ARPP19,RRP8,5.061592495745641
ARPP19,SCMH1,3.3562635159489353
ARPP19,SUPT16H,3.3291566375500046
ARPP19,SUPT4H1,4.664201394972571
ARPP19,TBX2,5.466031759849544
ASAH1,ASAH1,3.3919535977841186
ASAH1,GNAZ,3.0596756498050675
ASAH1,IL2RB,3.4170483114028984
ASAH1,SOCS4,5.160306890447183
ASB6,PSMB5,3.535715362595616
ASB7,PSMA1,4.513230209700465
ASCC3,ASCC3,4.3816138835435465
ASF1B,PSMB2,4.9315521872751935
ASF1B,PSMD2,5.254776672391918
ASF1B,RPL7,3.906707097262985
ASH1L,ZNF561,3.52416888402926
ASPM,RPL7,4.347495199869385
ATF1,MSH6,3.901654390623606
ATF1,PSMB2,3.072056349180175
ATF1,PSMB7,5.738963891605687
ATF3,PSMB2,5.048807205002731
ATF3,PSMB5,5.706933534046446
ATF4,HSPA5,3.850549527698639
ATF5,ATF5,4.783857627679435
ATF5,BRD4,5.335945766795644
ATF5,DDX39B,5.7025546202751665
ATF5,E2F5,4.7594184077153425
ATF5,GTF2A1,3.41727504281701
ATF5,IL2RB,4.129508310562732
ATF5,MCM7,3.376895495518793
ATF5,NBR1,4.510651081993075
ATF5,NXF1,5.078875457681958
ATF5,OAZ2,3.1117021987425195
ATF5,RAN,3.4658245214169288
ATF5,RPA2,4.832030540081004
ATF5,RTCD1,4.469461195813891
ATF5,TARDBP,4.017086335457415
ATF5,VHL,3.1804993406608943
ATF6,ATF6,3.3825219456207183
ATF6,ECI1,4.144759725575808
ATF6,ESPL1,3.4549011426284513
ATF6,HSPA5,5.961457383203511
ATF6,IRF9,3.0141755906377137
ATF6,PHB2,4.489402820283032
ATF6,SFPQ,3.2656829788648962
ATF6,SNF8,4.722064869115409
ATG3,AP1S2,5.228874964252231
ATG3,ARID3A,4.07438838697973
ATG3,ATG3,5.727420931271363
ATG3,CCNL1,4.358464977238933
ATG3,CYP3A5,5.497659983729186
ATG3,CYP51A1,3.017520638156305
ATG3,DLG5,4.3489312783343514
ATG3,EGR1,3.221726353016826
ATG3,HHEX,5.346241437449441
ATG3,HMGB1,4.6436224597809685
ATG3,IFI30,5.305542741581746
ATG3,ITGA2,5.556377484625004
ATG3,LGR5,5.1592064287290915
ATG3,MMP7,5.497405276385086
ATG3,NUP93,5.5195831623487654
ATG3,PLA2G12A,3.8400964910985875
ATG3,PRDM7,3.7748866860430006
ATG3,PSMD3,3.454128278481253
ATG3,RARRES1,4.928257240162679
ATG3,RBP1,4.0227312095018295
ATG3,RPS5,3.2275357965739717
ATG3,SLC9A1,5.670120816220064
ATG3,SORD,5.428798342063709
ATG3,SSB,5.786874783969756
ATG3,TXNRD3,4.2194000747369715
ATG3,UROD,3.3573043835717957
ATG4A,PSMB2,3.6560860204276033
ATG4A,PSMB5,4.680263559123305
ATG4A,PSMD1,5.476533134814525
ATG4A,PSMD2,3.7186118302830224
ATM,PSMA1,4.792449110528835
ATM,RPL7,3.152924897585307
ATMIN,DCPS,3.428031602547528
ATMIN,PDCD2,4.993277319256982
ATP11B,RHOA,4.462388729587946
ATP1B1,ATP1B1,4.318487863457258
ATP1B1,C19ORF6,5.177431335310118
ATP1B1,LMO4,3.7087478158980804
ATP1B1,RUFY1,4.000417015073869
ATP1B1,ZRANB2,3.5488179730354372
ATP2C1,ARPC1A,4.1295874645155894
ATP2C1,ATP2C1,5.5640816257510535
ATP2C1,CLPP,3.0642892952331
ATP2C1,KLF14,3.8385612703589405
ATP2C1,PSMB5,3.5540823383457414
ATP2C1,TRAFD1,3.954803426428724
ATP2C1,YAP1,3.617118360781465
ATP6V0B,ATP6V0B,3.673700767685148
ATP6V0B,CALM2,3.0117000881467497
ATP6V0B,CYP3A5,4.026131839684274
ATP6V0B,PSMB2,3.661399498455066
ATP6V1D,AES,3.162292616548574
ATP6V1D,ANKZF1,5.71551907292196
ATP6V1D,ATP6V1D,5.16886396681068
ATP6V1D,BMP2,4.538337558479235
ATP6V1D,CCNE2,5.960451675156879
ATP6V1D,CPT2,4.505786917444265
ATP6V1D,GOT1,5.917791095524588
ATP6V1D,GPR65,4.331798224913927
ATP6V1D,HMGB2,4.282659767998284
ATP6V1D,IL6,4.368358388016562
ATP6V1D,LRRK2,4.1993772180467515
ATP6V1D,PIP4K2B,5.6332437130255215
ATP6V1D,POLR2E,4.287782671241426
ATP6V1D,POLR2F,5.211641735738357
ATP6V1D,PRPF4B,4.396519144366283
ATP6V1D,PSMB2,5.003318692109649
ATP6V1D,PSMD9,4.0080420635411205
ATP6V1D,PUS10,5.590539917671245
ATP6V1D,RALB,4.008237874367307
ATP6V1D,SIRPG,3.6814193257300696
ATP6V1D,SMAD1,4.968402304460513
ATP6V1D,ZMPSTE24,3.1455533462703054
AURKA,ASRGL1,5.668550890057531
AURKA,ATP6V0C,4.1622135787323185
AURKA,AURKA,3.606105555943729
AURKA,BUB3,3.854638370863037
AURKA,ECSIT,4.21535270259963
AURKA,FDXR,4.443391128557435
AURKA,ISX,3.119559606975609
AURKA,MYBL2,3.516083952059911
AURKA,NKX2-3,3.55123788806626
AURKA,P4HB,4.26218122082077
AURKA,PKN2,3.213556872482689
AURKA,PSMB2,5.028191181873975
AURKA,PTGFR,5.613535169074956
AURKA,PXK,4.72899958692693
AURKA,RPL39L,3.2478733702024005
AURKA,SFPQ,5.927193315658319
AURKA,SLC35A1,5.1400071790074
AURKA,SPR,5.691470639220659
AURKA,YME1L1,4.6518183059972475
AURKA,ZNF366,3.4609718599531947
AURKA,ZNF398,3.3038919776489752
AURKA,ZNF561,4.713562889438085
AURKA,ZNF583,3.1004014197166816
AURKB,AURKB,3.619704746422789
AURKB,MACF1,5.26805881156081
AURKB,PSMB2,3.6840896795588334
AVPR1A,WARS,3.7824006213595895
AXIN1,AMPD2,5.659592146135314
AXIN1,INTS3,5.903580487209684
AXIN1,PIK3CD,5.875182608718452
AXIN1,RICTOR,3.9228539418428134
B3GALT5,DCPS,3.8674989403733644
B3GALT5,WARS,3.921492922357686
B4GAT1,PSMB2,5.051331251808274
B4GAT1,RPL7,5.440584871501659
BACE2,BCAT1,4.2722141242177845
BACE2,CP,4.953373227183935
BACE2,FZD2,5.228880610296409
BACE2,NKX2-3,5.22825989856447
BACE2,PPM1L,4.130833266262125
BACE2,PREB,4.556645782395983
BACE2,RXRA,4.41179526858865
BACE2,ZNF662,3.766078462290113
BACH1,PSMB2,5.631210996977447
BAD,BAD,3.4301289098658274
BAD,MSMO1,4.244449151258717
BAG3,GLIS3,4.297315882360499
BAG3,PSMA1,3.839416823122858
BAG3,PSMA3,4.82215749660415
BAG3,PSMB1,4.821292756972502
BAG3,PSMB2,4.026663844949797
BAG3,PSMB5,4.713849312871675
BAG3,PSMD1,4.393576755451749
BAG3,PSMD2,4.187161113047596
BAG3,UBQLN2,5.085158947632515
BAG3,UTP18,4.714968362146381
BAG4,PSMA1,4.2792355018880945
BAMBI,ARHGAP35,4.723276056001426
BAMBI,CREM,4.465467897193865
BAMBI,FZD3,5.619345029910496
BAX,BAX,4.166607028932482
BCL2,BTG3,4.363183874894003
BCL2,MPDZ,5.381804018992394
BCL2,PDLIM1,4.810767922313827
BCL7B,BCL7B,5.2385002878184155
BCL7B,RPL7,3.014165394600076
BDH1,BDH1,3.8398704629196874
BDH1,HLA-DRB3,4.255424050752348
BDH1,HPD,3.783487379820343
BDH1,PSMB2,4.1931666745288325
BDH1,RPL7,5.16167424977548
BDH1,SFPQ,5.761710223878212
BDH1,TRRAP,3.5206857560810363
BDH2,DCPS,3.092450184520139
BEAN1,DCPS,4.686965482726726
BECN1,BECN1,3.5095912776770097
BEST1,ISL1,3.6040319605418665
BEST2,WARS,4.187118504722116
BHLHE40,ARID5B,3.977515047097219
BHLHE40,CAPNS2,3.067271206060508
BHLHE40,G6PC,3.1288861835144797
BHLHE40,GPR156,3.5239161885818366
BHLHE40,IPMK,3.088536029162443
BHLHE40,LEPRE1,3.5112924780500965
BHLHE40,NKX2-5,3.526430148533711
BHLHE40,NOS3,3.5109893817530082
BHLHE40,NXF1,4.122254641999521
BHLHE40,PCGF5,4.690290798908594
BHLHE40,RGS16,4.351571080704218
BHLHE40,RND3,3.7339140291338997
BHLHE40,RPL7,5.342063132057767
BHLHE40,SCN9A,4.31449219427402
BHLHE40,SUCLA2,3.084485476597237
BHLHE40,UGT1A6,4.019855931636027
BHLHE40,ZNF689,4.504876725937084
BHLHE40,ZNF786,3.0984765003882173
BID,ALDH18A1,4.684360024566759
BID,BID,4.44594002135292
BID,CFB,4.010888889360867
BID,HSPA5,3.2085968352420338
BID,MAP3K14,5.645218748933377
BID,PPIE,5.0364866904469965
BID,SNX13,5.761218146465504
BIRC2,BIRC2,4.81524145261301
BIRC3,TSG101,5.616358063558628
BIRC5,BIRC5,4.543186757613464
BIRC5,CDK5,4.245495756487414
BIRC5,GPI,5.798745266353562
BIRC5,NKX2-3,4.379515899830415
BIRC5,PSMB2,3.9401804539636567
BIRC5,PSMB5,4.818630170946841
BIRC5,PSMD2,3.7655713151029815
BIRC5,RPL7,3.624533313188548
BIRC5,RPS19,3.835297373598986
BIRC5,SET,5.420626712668339
BIRC5,SREBF2,3.117633257443179
BIRC5,UBE2A,3.4295267918014707
BIRC5,ZFX,4.88327163301932
BLCAP,ALB,5.115945190667741
BLCAP,NDUFA2,5.062699642642373
BLCAP,NXF1,3.9868187297099507
BLCAP,PAN2,3.6090359560199157
BLCAP,PUF60,3.9921754585407143
BLCAP,RAN,4.2607295762543504
BLCAP,SERINC3,3.213907503695296
BLMH,GSTT1,4.733367760183148
BLMH,PSMA1,3.234831393940436
BLMH,PSMB1,4.3916851681100155
BLMH,PSMB2,5.276297221471751
BLMH,PSMB5,3.534881760853132
BLMH,PSMD1,5.942373776723009
BLMH,PSMD2,4.440168168132606
BLMH,PSMD3,3.9620296863885196
BLMH,PSMD8,4.8839112922387695
BLMH,UBQLN2,4.161688475607798
BMP15,WARS,3.3947016960610674
BMP4,BAK1,3.7916864729762034
BMP4,BMP4,5.26303600754127
BMP4,BTRC,3.916477471082732
BMP4,ETV4,3.6374619686716194
BMP4,HSPA5,3.4548733744545244
BMP4,NDUFA6,4.746626869212007
BMP4,PHB,3.6212878737886194
BMP4,PHF2,3.003426561575412
BMP4,PRDX2,5.914105197609266
BMP4,PSMA1,5.097451668338753
BMP4,PSMB5,3.7193437363997015
BMP4,PURA,5.591651124842835
BMP4,SFPQ,4.368002443205455
BMP4,TH,3.8728120456059103
BMP4,TSC2,5.555585497777681
BMP4,ZNF662,5.401433516143721
BNIP3,CASD1,4.702892975362738
BNIP3,NRBP2,4.626164922324941
BNIP3,WNT10B,5.253410897264764
BNIP3L,BNIP3L,3.935103582542709
BPESC1,WARS,5.838880571226992
BPHL,BPHL,4.708394557246769
BRAP,PSMA1,4.040351195164474
BRAP,PSMB2,5.657793334947437
BRCA1,RPL7,3.3393880827018783
BRD2,RPL7,4.948092558388023
BRS3,DCPS,4.5783333456372315
BTBD18,DCPS,5.432064693245377
BTBD2,PSMB2,5.673083666295677
BTC,WARS,5.435751472567883
BTD,ZNF643,4.3756117621441675
BTG3,PSMB2,3.6875446983810325
BTK,EPOR,4.018468067184587
BTK,ERO1L,5.9719939587122735
BTK,SIRT2,3.9617414728888836
BTK,ZNF662,3.944994891474235
BTNL3,ZNF561,5.704403990244417
BUB1,COPZ1,4.48361827041162
BUB1,SFPQ,4.268214156812691
BUB1,TSG101,4.629134553960194
BUB1B,RAE1,4.329162219754747
BZW2,BCAT1,3.1947910040888687
BZW2,BZW2,4.043796430176035
BZW2,RICTOR,5.693901982731266
C11orf68,RPL7,5.540939524298455
C12orf4,PSMB2,5.522993209149582
C1orf50,RPL7,3.762647529025952
C2CD2,ABCG5,4.34382718654992
C2CD2,AHR,4.113106726973177
C2CD2,ALB,3.747051333404367
C2CD2,AMD1,5.563709331620885
C2CD2,ARHGEF6,5.482427204582686
C2CD2,ARL3,4.915600808351069
C2CD2,ARPC5,4.090083594048695
C2CD2,ASCL4,5.844916073191339
C2CD2,ATOX1,3.0123078434413824
C2CD2,ATP5O,5.211515981041405
C2CD2,CBX7,4.063492629690537
C2CD2,CDC25C,3.929576309504655
C2CD2,CLTA,5.977960715639844
C2CD2,CSNK2B,4.3116833179885585
C2CD2,CXCL12,4.143337193584581
C2CD2,DAP,5.275870911187628
C2CD2,DUSP9,4.910340881961774
C2CD2,ENDOG,5.988140676037199
C2CD2,ESYT1,3.429064297799262
C2CD2,FOXA3,5.674720372610926
C2CD2,FRAT2,5.898105210955122
C2CD2,GGT1,4.1874241651057655
C2CD2,GPR139,5.569498165465169
C2CD2,GRB7,3.0025935380838265
C2CD2,HADHA,5.500109611763262
C2CD2,HES5,5.168911590886675
C2CD2,HSD17B8,5.180974806945654
C2CD2,ICAM1,4.1759011682635325
C2CD2,IL15RA,4.456445399583851
C2CD2,LPAR3,4.62025358395761
C2CD2,MAFG,5.724678555878986
C2CD2,MCHR2,5.185369139630102
C2CD2,MYL6,4.649944974174943
C2CD2,NOS3,4.366216492152592
C2CD2,NPY1R,4.526127387065806
C2CD2,NSF,5.210897390007732
C2CD2,OPN4,4.325021484503916
C2CD2,PARK7,3.503450540494825
C2CD2,PGBD1,3.7076635948811822
C2CD2,PHTF1,3.8581007760048016
C2CD2,PLA2G2A,5.1923945290312075
C2CD2,PLD2,5.379010252560232
C2CD2,POLR3F,4.268140911589407
C2CD2,PPM1L,4.44351340882728
C2CD2,PPP2CB,4.708084673482371
C2CD2,PROKR1,3.0341133539797127
C2CD2,PVR,5.244043559365677
C2CD2,RUFY1,5.521724500978213
C2CD2,SALL4,3.9658998669451595
C2CD2,SCN9A,4.164190955510637
C2CD2,SLC25A20,3.001288281533623
C2CD2,SOX3,4.805180350052493
C2CD2,TAF12,5.132932397709725
C2CD2,TAP1,4.317089688051198
C2CD2,ZNF444,4.272237527279114
C2CD2,ZNF502,5.091227437653787
C2CD2,ZNF678,5.335300910373332
C2CD2,ZNF791,3.950669942862262
C2CD2L,HSPA5,4.221601527089354
C2CD5,ATP6AP1,4.7665292053707775
C2CD5,CHD8,4.338722755993796
C2CD5,CSNK1G3,3.1160416484559326
C2CD5,CTRB1,4.131942571274609
C2CD5,E2F5,3.6696421591501114
C2CD5,ELTD1,5.852134921465621
C2CD5,FADS1,5.292044921842228
C2CD5,FN1,5.721364037586708
C2CD5,GNA13,5.518179046761348
C2CD5,HEXB,5.153384184956817
C2CD5,KIAA0528,4.907964235072679
C2CD5,LGALS8,4.279862035717621
C2CD5,NBN,4.72775690868708
C2CD5,PDXP,5.390282606757999
C2CD5,PLA2G2C,3.7265361284041405
C2CD5,PLD2,5.9389992141764605
C2CD5,PPP2R4,5.469712854728787
C2CD5,PSMA1,4.300953448012517
C2CD5,PSMA3,4.823926646730168
C2CD5,PSMB2,4.85680621496738
C2CD5,PSMB5,3.2764253120912947
C2CD5,PSMD2,4.615903673135302
C2CD5,PSMD9,3.141739782344532
C2CD5,PTGS2,3.925962829252929
C2CD5,RFNG,4.380078797108788
C2CD5,RPL7,4.97503813476062
C2CD5,SDHA,3.9939001184874248
C2CD5,SMU1,4.086606120992892
C2CD5,SUPT5H,3.3955078678630617
C2CD5,TFG,5.199853692644449
C2CD5,UBC,3.520989252009287
C2CD5,ZNF764,5.182120081351172
C2orf49,PSMA1,5.247652699235255
C2orf49,PSMB2,5.694782134587495
C2orf49,PSMB5,4.472014740543138
C2orf49,RPL7,3.560455514023691
C2orf83,WARS,5.226537309959099
C5,CYP1A1,4.0996521500710426
C5,DCPS,5.11573319632725
C5,HSPA5,4.57631965764621
C5,RPS13,3.80095445859026
C5,WARS,4.679186951320567
C5,ZNF561,5.733530623605237
C5,ZNF643,5.510211555302944
CA1,WARS,5.25085440923045
CAB39,CAB39,5.636715708338908
CAB39,GABRP,3.893479085784555
CAB39,RPL7,5.106888735086451
CACNG3,ZNF561,4.0191960441980825
CADM1,ACAD8,3.1464944992671073
CADM1,ACBD3,3.699708779493618
CADM1,ACSL1,4.547991156591863
CADM1,ADAM17,4.273922116666246
CADM1,AHRR,3.790150871731049
CADM1,AIM2,5.127053234920188
CADM1,AK4,5.737451138718331
CADM1,ALDH18A1,5.6266346461282595
CADM1,AMPD2,3.943658588252696
CADM1,ARF4,3.3944281298700028
CADM1,ARL3,3.2492685080417005
CADM1,ARNT,4.208188549157598
CADM1,ARRB1,5.164132664720808
CADM1,ASRGL1,5.283251709905954
CADM1,ATP5D,4.915783331290498
CADM1,BATF3,4.30979896089131
CADM1,BCAT1,4.615601121939091
CADM1,BRD4,3.010463968184777
CADM1,BUD31,4.313127954222642
CADM1,C19ORF6,5.201680221414122
CADM1,CAMLG,5.628368614309485
CADM1,CASD1,3.68339120632349
CADM1,CASP6,4.301639114963453
CADM1,CCBL1,5.290654073731513
CADM1,CCNC,4.075477511870524
CADM1,CD59,3.227113142796016
CADM1,CFLAR,5.576680482908464
CADM1,CFTR,3.211931973671508
CADM1,CHKA,5.574260333950111
CADM1,CKS1B,5.698657797111604
CADM1,CLPP,4.615331763738868
CADM1,CNOT8,5.910689574148593
CADM1,CPD,5.783840876621607
CADM1,CPT2,4.232187706305151
CADM1,CREB3,4.3371679635500096
CADM1,CREBBP,5.079479231481637
CADM1,CSNK1D,5.886964243965797
CADM1,CSNK1G2,5.538966296713678
CADM1,CSNK2B,5.847596398275856
CADM1,CYP3A5,4.343899133061215
CADM1,DAPK1,3.5911438422109874
CADM1,DCPS,5.221527391375034
CADM1,DDB1,5.932687292009366
CADM1,DEK,4.7095445149066055
CADM1,DENND1B,5.88972208067568
CADM1,DGKZ,4.500227497334347
CADM1,DTYMK,3.5658864692401724
CADM1,DVL2,4.411015844938697
CADM1,EIF2C2,4.431514582962089
CADM1,EMD,4.10890187009807
CADM1,EPHX1,3.62847536943144
CADM1,EPO,4.09829802978069
CADM1,F3,4.870836442165537
CADM1,FADS1,5.261947375575476
CADM1,FAM120A,3.905482175907128
CADM1,FASLG,5.5294246044917195
CADM1,FAU,3.8625382725306654
CADM1,FDXR,4.795106613590813
CADM1,FES,4.286004597223771
CADM1,FGF2,4.3881659675539675
CADM1,FKBP3,4.277582789205496
CADM1,FKBP5,4.715562191937143
CADM1,FZD6,4.612564529427554
CADM1,GAMT,5.4657289328416345
CADM1,GDPD5,5.410290814982897
CADM1,GNA12,5.677327440177173
CADM1,GNAI1,5.351176580258757
CADM1,GNAI2,5.655146119319678
CADM1,GNAZ,4.716690438082703
CADM1,GPR84,4.593552235005895
CADM1,GRB2,3.186499313548624
CADM1,GRK5,4.884626839610758
CADM1,GRPR,4.171798742008555
CADM1,GSS,3.64656299196216
CADM1,HLA-DMB,5.7226182140665385
CADM1,HLA-DQA1,5.8706161027267125
CADM1,HMGN3,3.0582286445954345
CADM1,HMGN4,3.676727387602252
CADM1,HNF4G,4.240136226678601
CADM1,HPD,5.206172187984054
CADM1,HPGD,4.198497160574895
CADM1,HSPA1B,4.581734196425236
CADM1,HSPA4,5.015586094992388
CADM1,IDH2,3.960014258940795
CADM1,IFIH1,5.955252337276104
CADM1,IGF2,4.563865817444496
CADM1,IGFBP2,4.151507505598077
CADM1,IGFBP7,3.652231809215585
CADM1,IL23R,4.123811380112262
CADM1,INPP5D,4.706174898716521
CADM1,ISL1,4.498198133221841
CADM1,KAT2B,3.8896982687547372
CADM1,KLF10,3.2271135173180285
CADM1,KLF14,5.924151823964904
CADM1,KLF5,5.102390594521835
CADM1,KNDC1,3.6263337538935736
CADM1,LARS2,4.4966510019243096
CADM1,LGR5,5.604777307132055
CADM1,LHX2,3.7781261780213407
CADM1,LMAN1,3.602249532705929
CADM1,LMO4,3.154472763937579
CADM1,LTA4H,4.161952986482222
CADM1,M6PR,4.094120724838796
CADM1,MAP2K6,4.855122283367018
CADM1,MAP3K1,3.730979354887843
CADM1,MAP3K5,5.431176815610887
CADM1,MAPK14,5.218217584439855
CADM1,MAPKAP1,3.061356478159788
CADM1,MARS,4.27723559803804
CADM1,MCM8,5.401619578254282
CADM1,MLLT3,5.848850848874093
CADM1,MLXIP,5.483335485484228
CADM1,MOK,4.212666627760898
CADM1,MORF4L2,3.5706174566845914
CADM1,MSRA,3.6696438745291715
CADM1,MST1,3.4741135892718487
CADM1,MTAP,3.9581017674115286
CADM1,MYL6,3.62707056382873
CADM1,NCOA3,4.071487426244794
CADM1,NDUFA6,3.7837864922891633
CADM1,NDUFC2,3.696630065298729
CADM1,NFKBIB,5.448407971919046
CADM1,NPEPPS,3.6141705033301026
CADM1,NPFFR2,5.064610276560069
CADM1,NR5A2,4.891263859206539
CADM1,NRBP2,3.6242637867146077
CADM1,OAS1,4.200685624688085
CADM1,OAZ1,3.339771816829021
CADM1,OPN4,5.667163306521047
CADM1,OR10Z1,3.757228047695439
CADM1,P2RY6,4.410828882258343
CADM1,P4HA1,4.976383357998023
CADM1,P4HTM,3.887328548165491
CADM1,PARN,5.240704411807624
CADM1,PCK1,4.848776739645253
CADM1,PHF1,3.4116977060828995
CADM1,PHF16,3.490509967561497
CADM1,PHF23,3.897525787300832
CADM1,PIAS2,3.206779522766507
CADM1,PIK3R4,3.3481729070941633
CADM1,PKM2,5.214477489476181
CADM1,PLA2G12B,5.26527445270416
CADM1,PLD4,3.55419691806545
CADM1,PMPCB,3.9169562349480898
CADM1,POLR2E,5.475228934939203
CADM1,POT1,5.74435016293796
CADM1,PPIH,3.8127352164044996
CADM1,PPM1D,3.305778523027081
CADM1,PPP1CC,5.151250854364711
CADM1,PPP2R4,4.952503808898058
CADM1,PPT1,3.81062098810525
CADM1,PRCC,5.358635498247121
CADM1,PRDX2,4.080295832183349
CADM1,PRLHR,3.0261767233985224
CADM1,PROC,3.8984170200424
CADM1,PRPF4,5.611556147521492
CADM1,PSEN1,4.251681629532044
CADM1,PSMA1,3.1999830719599847
CADM1,PSMA3,4.684186093724394
CADM1,PSMB2,5.872956941219039
CADM1,PSMB5,5.195024173959245
CADM1,PSMB8,5.522376240313209
CADM1,PSMD2,5.0587614905849145
CADM1,PTP4A3,5.360179801938812
CADM1,PXK,5.154725242040456
CADM1,RALA,3.8876623144514677
CADM1,RALGDS,4.784839169430835
CADM1,RBPJ,4.566507544152393
CADM1,RFX6,4.462660858101007
CADM1,RIOK2,3.148982107413721
CADM1,RNF125,5.508408130751453
CADM1,RNF166,5.217802444422402
CADM1,RNF5,5.8675760713112135
CADM1,RNPS1,4.537540453526454
CADM1,RPL7,3.446032644437233
CADM1,RPS10,4.916820292955581
CADM1,RPS14,4.985449426017367
CADM1,RPS6,5.699865738014724
CADM1,RPS9,4.2473606991488415
CADM1,RXRA,5.970420658102413
CADM1,SDHA,5.489407398103007
CADM1,SET,3.5104423203275665
CADM1,SHC4,3.0169179619751443
CADM1,SLC29A1,4.539029633950138
CADM1,SLC3A2,3.229259799208177
CADM1,SNRNP70,3.59316302527857
CADM1,SOX2,3.8167634886139044
CADM1,SPARC,4.625527013743165
CADM1,SPRY2,4.381394597375434
CADM1,SREBF2,3.243602386968683
CADM1,SRGAP2,5.243681173705282
CADM1,SRSF3,5.100475145632412
CADM1,STK16,5.0082928085501255
CADM1,TAP1,4.743397474804688
CADM1,TIMM50,3.5133265792694397
CADM1,TNFRSF11A,4.1541658321601584
CADM1,TNFRSF18,3.8591403848901065
CADM1,TOLLIP,5.721575738799138
CADM1,TP53RK,5.007201959309135
CADM1,TSPAN8,3.5866827203015674
CADM1,TTR,5.120232168894892
CADM1,TWIST1,3.1372317136474734
CADM1,ULK3,5.689746113164883
CADM1,VRK3,5.513283087862411
CADM1,WIPF2,5.639554346519193
CADM1,XPR1,3.6746482208667386
CADM1,ZFAND6,4.596536543295581
CADM1,ZFP1,5.690741884209176
CADM1,ZNF263,3.1432553648144785
CADM1,ZNF277,3.067056128319307
CADM1,ZNF324,5.658465885310062
CADM1,ZNF596,3.428049665070162
CADM1,ZNF599,4.5449753326288675
CADM1,ZNF621,3.141088391536569
CADM1,ZNF643,3.4062982162501965
CADM1,ZNF662,3.218821312076548
CADM1,ZNF764,3.70897342442808
CADM1,ZNF785,3.723107365121834
CADM1,ZNF92,4.019683964584024
CADM1,ZRANB2,5.155897807754483
CALCR,WARS,5.241145073521896
CALCRL,ZNF643,5.194245210815242
CALM3,CALM3,4.35560582204055
CALM3,INTS3,3.5943200973303395
CALU,CALU,3.771476290157112
CALU,GNA13,4.546424096487753
CALU,GPX3,5.680198827746838
CALU,HSPA5,5.972331832157549
CALU,LDHB,3.9292579372024097
CALU,MGLL,5.981723361715829
CALU,NOTCH2,4.984614644117032
CALU,PCMT1,4.0715334280358055
CALU,PRSS2,4.646565952042681
CALU,PSMB2,4.71063964912881
CALU,RAB27A,3.8488744333059177
CALU,RXRG,5.970674172131296
CALU,SERPINA5,3.4460367911137775
CALU,SLC16A6,5.316219148607454
CALU,SPAG7,4.535746557048873
CALU,UGT1A6,3.8467985441199817
CALU,USP7,4.324559349027281
CALU,XPNPEP3,5.403666230665331
CAMK2A,ZNF561,4.169539765305517
CAMKK2,PSMA1,4.691947394807949
CAMSAP2,DCPS,3.9171162056999114
CANT1,CANT1,3.4279971868373877
CANT1,CBFA2T3,3.6124420310529888
CANT1,F10,3.9639658937448363
CANT1,GPR128,5.238347782233792
CANT1,HIF1AN,4.442219309315022
CANT1,HPD,5.3084919326148725
CANT1,IL15,4.174048878310826
CANT1,MXD4,5.052629434903459
CANT1,NME1,5.776629016983583
CANT1,NSF,4.745022330090379
CANT1,OPN4,3.5514579570943665
CANT1,PPT2,4.342989437721691
CANT1,SIX2,3.451694065065266
CANT1,SMOX,4.453839248273335
CANT1,ZFX,4.773128506826561
CANT1,ZNF643,5.854311001172893
CAPN1,CAPN1,3.9380121447345995
CARS1,PHB2,3.170989693240772
CASC3,CASC3,5.5987095301077705
CASC3,OPA1,5.793718027799774
CASC3,SQSTM1,3.1374864784418737
CASC3,SRSF3,5.862519909628534
CASC3,ZNF561,3.6091444575325413
CASK,CASK,4.336497639252048
CASP10,ARHGAP35,5.826474883515447
CASP10,CIT,4.737645435558895
CASP10,DCPS,3.7838585365470134
CASP10,ELL3,5.2987796872177935
CASP10,GPR142,5.698373359399174
CASP10,IGFBP7,4.428222832102005
CASP10,NDUFS6,3.6206040885844337
CASP10,P2RY6,3.8606521713736415
CASP10,POLG,4.533115228462743
CASP10,POLR3C,4.907706138103885
CASP10,RNF166,3.204373477481767
CASP10,SLC22A18,3.777277335548468
CASP10,SMARCA2,5.476884310519973
CASP2,ACSL3,5.087414565278832
CASP2,ANKRD49,3.0258729717044304
CASP2,APEH,5.271258194003266
CASP2,ASS1,4.691384182588552
CASP2,ATP6V0A1,3.338989766176116
CASP2,CASP7,5.6197208498704345
CASP2,CCRN4L,3.1759743032278758
CASP2,CREB3L4,5.970332511644296
CASP2,ESYT1,5.486383021636798
CASP2,GNG4,4.866177503422446
CASP2,GPR133,3.0750534599432218
CASP2,GPX3,5.507867124681492
CASP2,HLA-DRB3,5.353500142721115
CASP2,IDH3G,5.287322231079142
CASP2,IGFBP6,5.899545147372766
CASP2,MCM5,3.1398664106992387
CASP2,MRGPRX2,5.239059931115568
CASP2,MXD3,4.497997421993696
CASP2,MXD4,5.154010938578697
CASP2,MYNN,3.6240679834590486
CASP2,NAT10,5.434661747519096
CASP2,NFE2L1,3.559262813822665
CASP2,PCGF1,5.86820193553282
CASP2,PIK3R3,4.862437373143221
CASP2,PLD2,3.35378163808999
CASP2,PNN,5.489174455862026
CASP2,PSMB2,4.02502194626189
CASP2,PSMD9,5.4880677114686485
CASP2,RHOB,4.528151354021654
CASP2,S100A6,3.060574911537798
CASP2,SLC38A3,4.804349257113137
CASP2,SNAI3,4.221521151941474
CASP2,SOX2,3.5024526527804296
CASP2,STAT4,3.8298603640123328
CASP2,TAF8,5.458394852804345
CASP2,TRAF4,4.776529856334222
CASP2,TXNL1,5.645595576383027
CASP2,ZNF238,3.235398252307474
CASP2,ZNF24,3.3916224283867717
CASP2,ZNF281,5.163608512033449
CASP2,ZNF300,5.805167379834023
CASP3,CASP3,4.968404238471243
CASP7,AKAP9,3.990350912247578
CASP7,CALR,5.978371167609453
CASP7,MYCL1,4.541461365949129
CASP7,PDS5A,3.4305961538555323
CASP7,PLAUR,3.776906397844808
CASP7,RPL7,4.0637218102131305
CAST,AP1S2,4.343284109189746
CAST,BAK1,4.055012425298275
CAST,C19ORF6,4.395271200939645
CAST,CRABP2,4.01372852061102
CAST,CRY1,5.239404908921626
CAST,DCP1A,4.769540645474196
CAST,G6PC,5.95928213897704
CAST,GPR82,4.52244553490649
CAST,KLF14,5.901062897960839
CAST,MARS,5.380297684749147
CAST,ME3,5.7640856373895755
CAST,MEOX2,5.241098877545932
CAST,PCGF5,3.5846982416226014
CAST,PRKAA2,3.852979856665045
CAST,RRP12,3.2567697802041975
CAST,SLC22A23,4.481289258222121
CAST,ZNF133,5.662083547405089
CAST,ZSCAN4,4.251363126511752
CAT,CAT,5.876476316501225
CAT,PSMB2,4.558566518916534
CAT,RPL7,3.9196014716463656
CAT,UBA52,5.387949302896974
CBARP,E2F5,4.705300212188039
CBLB,CYP3A5,5.5306486264047106
CBLB,E2F5,5.333588745713
CBLB,FECH,4.758189901000433
CBLB,HSPA5,3.128141815564986
CBLB,ITPR1,4.806046408907958
CBLB,PRKAA1,3.1441552761001548
CBLB,ZNF432,4.929964631918436
CBLL1,PSMA1,4.847434959326358
CBLL1,PSMB2,5.8918257789613815
CBR1,CBR1,3.001544219440342
CBR1,FBRS,4.142587413479343
CBR1,KDELR3,5.370853380110675
CBR1,KEAP1,4.452219723084374
CBR1,METTL1,4.207040513191504
CBR1,POLR2A,4.212647961855549
CBR1,POLR2C,3.87507680599933
CBR1,POLR2D,5.7259761062764
CBR1,POLR2E,3.492218893004757
CBR1,POLR2F,4.416349080354404
CBR1,PPIH,5.202001044040143
CBR1,PSMA1,3.385732450982427
CBR1,PSMD4,3.8828022827824515
CBR1,SIRT3,3.99968767942026
CBR1,TIMP1,5.329656357714439
CBR1,TIRAP,5.869296279035993
CBR1,UVRAG,4.788421886953845
CBR3,AMIGO3,3.886570223874603
CBR3,ARL1,3.0815145810633817
CBR3,ASGR2,5.8357085550736905
CBR3,B2M,3.122417940911509
CBR3,BCKDK,5.801108799334852
CBR3,BMI1,5.884646438897478
CBR3,CARD9,4.863794848807861
CBR3,CCND2,5.4414160865837635
CBR3,CEBPG,4.5890051766412565
CBR3,E2F5,4.335996401144992
CBR3,EPHB4,3.9646114914704924
CBR3,ERCC4,4.764120027803894
CBR3,ESYT1,4.046585193461374
CBR3,GCH1,5.811633760755661
CBR3,GUSB,3.4858595470814926
CBR3,HSF2,3.638848636079394
CBR3,IL18,5.467466296355062
CBR3,ING2,4.4150454595405835
CBR3,IRAK2,5.339586627713251
CBR3,ISX,3.0481454525981677
CBR3,KEAP1,5.1572192272369515
CBR3,KLF5,4.564220487510077
CBR3,KLHDC9,5.895520257638413
CBR3,LSP1,4.696785922865958
CBR3,LYRM1,4.096639498424319
CBR3,MAT1A,4.081518778363208
CBR3,ME3,4.653695757287489
CBR3,NDUFA4,3.551762979509424
CBR3,NKX2-3,5.881036184338541
CBR3,PSMA1,4.581147710139975
CBR3,PSMA3,3.148861861083101
CBR3,PSMA5,3.8925213140407107
CBR3,PSMB1,4.902264680471318
CBR3,PSMB2,3.1734202854729245
CBR3,PSMB5,3.1185897609562363
CBR3,PSMB7,5.480067255281694
CBR3,PSMD1,4.302673135691631
CBR3,PSMD2,3.393426814356453
CBR3,PSMD3,5.540487654484097
CBR3,PSMD4,4.395535398331247
CBR3,RNF11,3.211064531403598
CBR3,RNGTT,5.075483344523481
CBR3,RXRA,5.501967987205315
CBR3,SGK1,4.6662060096825915
CBR3,SPHK2,4.309790576704828
CBR3,SQLE,3.1008889499614383
CBR3,SUCLA2,5.572676451301757
CBR3,SUCLG2,3.0406368977932434
CBR3,TH,5.7240555428049635
CBR3,TIRAP,5.191172201008747
CBR3,TRIP13,3.161766033199438
CBR3,TSG101,5.844692754593664
CBR3,UVRAG,3.1601322818865945
CBR3,VCP,5.462147658014414
CBR3,VPS28,4.703221423294865
CBR3,ZNF561,4.859804846589734
CBR4,PSMB2,3.0991645970063857
CCAR2,WARS,4.633986864319548
CCDC59,PSMA1,4.921180303314831
CCDC82,WARS,3.2370036692494653
CCDC85B,CCDC85B,5.83932274017814
CCDC85B,PSMA1,5.664967951653601
CCDC85B,PSMB2,4.827422418536983
CCDC85B,PSMB5,5.195090846564548
CCDC86,ADI1,3.8477679168487104
CCDC86,ADRA2A,5.283103014003707
CCDC86,AMBP,4.0824641636947225
CCDC86,ARHGEF11,3.8766475136010627
CCDC86,ARPC3,5.1552400132636755
CCDC86,ATG4D,5.742828853096405
CCDC86,ATR,4.546863205606625
CCDC86,B2M,4.51830287485862
CCDC86,BATF,3.1077459348638987
CCDC86,BAX,5.314002724631749
CCDC86,BCL2A1,3.2681374665022553
CCDC86,BCL2L11,4.838792574901982
CCDC86,BMP4,4.530984639971719
CCDC86,CAPNS2,3.022256732542402
CCDC86,CBFA2T3,4.538217780383462
CCDC86,CCDC86,4.807139120106694
CCDC86,CCNA1,3.724872880988901
CCDC86,CEACAM1,4.201129598386583
CCDC86,CHD1,5.496559192512087
CCDC86,CHKA,4.106529136499391
CCDC86,CLTC,3.6596473334695583
CCDC86,CMAS,3.523912437718862
CCDC86,CTH,5.563891525232815
CCDC86,DHFR,4.309118107391585
CCDC86,ECI1,4.320782762976785
CCDC86,EDNRB,4.7124293910957125
CCDC86,ELF3,3.218951608960287
CCDC86,EMD,4.80285797019268
CCDC86,ENDOG,5.614353797432301
CCDC86,EXOSC8,5.627435820790117
CCDC86,FGF2,4.5519014708427115
CCDC86,GABRB3,4.406099391694536
CCDC86,GALC,3.191459497217879
CCDC86,GART,5.007102502182984
CCDC86,GATAD2A,4.647842477582431
CCDC86,GNA15,5.834233120713875
CCDC86,GNB1,5.754469099009128
CCDC86,GPR26,4.276041622456047
CCDC86,GPRC5B,4.525267621309537
CCDC86,GRK5,5.9357110219416835
CCDC86,GTF2B,3.1348037242325386
CCDC86,GTF2F2,3.185655428085793
CCDC86,HCAR1,3.370769753823197
CCDC86,HLA-DMA,3.5832417986265988
CCDC86,HMMR,3.616099199877832
CCDC86,HOXB13,5.93589364257654
CCDC86,HOXB4,4.509322662989094
CCDC86,HOXC10,4.446163704131564
CCDC86,HSPG2,4.442692703414313
CCDC86,ID3,4.498073819548693
CCDC86,IKZF1,5.214880946440084
CCDC86,IL12A,3.831696420644684
CCDC86,IL20,3.629100434581952
CCDC86,INPP5D,3.192372779514551
CCDC86,ITGA3,5.037437515579103
CCDC86,KDM1A,4.55412675366483
CCDC86,KLF6,5.816422635606737
CCDC86,KNG1,5.671002704505483
CCDC86,LARS2,4.762901750825934
CCDC86,LMNA,5.606474857834893
CCDC86,LYRM1,5.176651479039421
CCDC86,M6PR,3.7319834785777677
CCDC86,MED4,5.643502792725549
CCDC86,NDUFS6,4.369704392807783
CCDC86,NFAT5,3.2088891342749086
CCDC86,NFKBIB,5.369669598637791
CCDC86,NR1H3,3.8013570198782958
CCDC86,OR10Z1,4.075766099620747
CCDC86,PAH,3.650781520324971
CCDC86,PEMT,4.685049497500787
CCDC86,PI4KA,4.432762292373803
CCDC86,PIK3CG,3.142700013020012
CCDC86,POLR2D,5.821521928562368
CCDC86,PPFIBP2,4.2435082116556675
CCDC86,PSAP,5.708083277550269
CCDC86,PSEN2,3.0104802402764115
CCDC86,PVRL2,5.4594809783736435
CCDC86,RAVER1,3.49086629036731
CCDC86,RGS4,4.564746863560413
CCDC86,RNASE4,3.972195737354373
CCDC86,RNF166,5.322234794595038
CCDC86,RSPH1,4.509274432583689
CCDC86,RXRG,5.230557629230244
CCDC86,SLC6A14,5.7392390268845865
CCDC86,SP100,4.385413695959878
CCDC86,SRD5A1,4.0904947454673195
CCDC86,TAP1,3.393077320758387
CCDC86,TCF7,5.292696817093421
CCDC86,TRRAP,4.588625961696366
CCDC86,TST,3.9394498305787806
CCDC86,TWIST2,3.7704244399373756
CCDC86,TXNL1,3.695052462253832
CCDC86,UBE3A,3.614270953659883
CCDC86,UCHL1,5.530393110750616
CCDC86,UQCR11,4.745135877056514
CCDC86,USF1,3.8669777860835755
CCDC86,ZIM3,5.587767260904821
CCDC86,ZNF232,5.590178920063742
CCDC86,ZNF385B,5.235102559806233
CCDC86,ZNF398,3.859300056472602
CCDC86,ZNF517,5.850197493179958
CCDC86,ZNF543,3.1543540438548847
CCDC86,ZNF626,4.287971461796435
CCDC86,ZNF684,5.6667362350387
CCDC92,GNAI3,5.878478703615435
CCDC92,HOOK2,4.579749612095272
CCDC92,PSMA1,3.4003866301625965
CCDC92,PSMB1,3.456237104235672
CCDC92,PSMB2,3.245565078210067
CCDC92,SOCS4,5.349328009468563
CCDC92,SPP1,3.9029673144229737
CCDC92,SUCLA2,3.7523816942766794
CCKAR,ZNF561,4.807984761484108
CCL2,APOE,4.950870963678536
CCL2,ARF4,5.845504282095825
CCL2,ATP6V0A1,3.1108393422280636
CCL2,CASP6,5.965079661299617
CCL2,CD83,3.3104499774728247
CCL2,EHHADH,4.045055638333711
CCL2,EIF2AK1,4.231267465609144
CCL2,FHL2,5.503260125337493
CCL2,KDM4C,3.403915179780562
CCL2,LTBR,3.3406042836545002
CCL2,P4HA1,5.762001567121932
CCL2,PAK1,5.709352017143404
CCL2,PIM2,3.7416334068415735
CCL2,POLA1,5.010030172752911
CCL2,POLA2,3.4058667945912706
CCL2,SERPINB2,5.68842463896847
CCL2,TNFSF10,5.674166447140463
CCL2,ULK3,3.850017474161063
CCL2,ZNF266,4.683806143449449
CCL2,ZNF561,5.353552675484234
CCL2,ZNF583,4.779534414552957
CCL2,ZNF643,5.903105123165024
CCL20,VPS28,5.459756462038298
CCNA1,ARF4,4.311677861311152
CCNA1,ATP5D,3.777224957893921
CCNA1,CDC42SE1,3.484964885645426
CCNA1,CHKA,3.32300162701173
CCNA1,E2F5,5.358260098649241
CCNA1,HAGH,4.375229746628376
CCNA1,ISL1,3.6168861991583547
CCNA1,NFKBIE,4.765123006956147
CCNA1,NTAN1,5.712682133595283
CCNA1,OSMR,3.3551383989195527
CCNA1,PISD,3.045190928374188
CCNA1,PKM2,4.323131774824214
CCNA1,RARG,5.096166110701899
CCNA1,RHOA,5.001667576713334
CCNA1,SLC16A6,5.440817418718547
CCNA1,SLC36A1,3.824515675860143
CCNA1,SSB,5.640534937827295
CCNA1,TAB2,4.572372771095887
CCNA1,ULK3,5.672664616877781
CCNA1,WARS,3.1128757277654917
CCNA1,WNT7B,4.57382433758977
CCNA1,ZNF263,5.6837328015697235
CCNA2,CCNA2,3.7157141245183056
CCNA2,FADS1,4.0640626822428345
CCNA2,GPI,4.877512580578655
CCNA2,RPL7,5.797205363360401
CCNB1,ATXN3,5.240405755261374
CCNB1,CCL20,3.825296189058241
CCNB1,CD59,4.221171105146388
CCNB1,CLTA,3.6507665382093917
CCNB1,EGR1,5.966441042898293
CCNB1,ERGIC1,5.641467468165693
CCNB1,ISL1,5.277068500628475
CCNB1,KDM4B,4.874521014927072
CCNB1,PCGF3,4.954941369483281
CCNB1,PLA2G12B,5.744331162655777
CCNB1,RAB7A,3.7588490538192336
CCNB1,RBBP7,4.118459924289468
CCNB1,RBMX,4.898866582218412
CCNB1,RFWD2,3.356159489004534
CCNB1,RPL7,4.736193874503137
CCNB1,SPRY4,5.223001787717788
CCNB1,TNFRSF10A,5.912682190986118
CCNB1,TSHZ3,3.763530720395008
CCNB1,ZNF232,5.776326605075355
CCNB2,BIRC6,3.8211698330091686
CCNB2,CAD,5.78644873624541
CCNB2,CASD1,5.895979814838092
CCNB2,CCNB2,5.850088296206344
CCNB2,CD59,4.948967441088835
CCNB2,CDC25C,4.405545069675945
CCNB2,DYNLL2,5.733432019012694
CCNB2,IL23R,4.202516547469781
CCNB2,LPAR3,3.1087506347234832
CCNB2,NKX2-3,4.854483692708875
CCNB2,PLA2G2C,3.532522199269717
CCNB2,PSMA1,5.468120999748555
CCNB2,PSMA3,3.8061168444211484
CCNB2,PSMB2,3.7332273811111385
CCNB2,PSMB5,5.631257220001093
CCNB2,PSMD2,5.348193013298254
CCNB2,RPL7,5.0763815434142066
CCNB2,RPS14,4.044992969696301
CCNB2,SPTLC1,3.130236620602473
CCNB2,STRN4,5.3463408118484645
CCNB2,UBA52,3.6376195782905394
CCNB2,ZNF561,5.9837559052289
CCNB2,ZNF689,4.4907004539018684
CCND1,RDBP,4.282381554597108
CCND1,RPL7,5.670449822007923
CCND1,TOLLIP,4.303857639861837
CCND3,CCND3,3.8183747228914418
CCND3,CYP3A5,5.17369660795742
CCND3,DHPS,3.268528699187617
CCND3,GPR125,5.597503570067055
CCND3,IKZF1,3.845933371172334
CCND3,IL11RA,3.7963209482988027
CCND3,NFKB2,4.237254676760914
CCND3,PKM2,5.930462118281802
CCND3,STIL,4.777448326817764
CCNE2,BTRC,3.152056530476226
CCNE2,CAPNS2,5.8309159995715785
CCNE2,SUCLA2,3.9432045953664017
CCNE2,XK,3.496806860545446
CCNE2,ZNF689,3.5287800679957955
CCNF,ABCA1,4.644414420966701
CCNF,CAPNS1,4.137384516845732
CCNF,CRABP1,4.414783221024597
CCNF,DHH,3.9515464815260963
CCNF,FZD2,3.192599305133102
CCNF,GRB7,5.712723148439456
CCNF,ISX,3.86337868137087
CCNF,LNPEP,4.170684527378846
CCNF,MCM5,5.765026812240288
CCNF,MTAP,3.9111083800798356
CCNF,NFRKB,4.684047523823695
CCNF,SPTAN1,4.164264418747726
CCP110,GPR125,5.063338246075487
CCP110,HOXB13,3.9551611592007747
CCP110,LGR6,3.4089959780697856
CCP110,NKIRAS1,4.946222505156299
CCP110,SOCS4,4.529576085210933
CCP110,TAP1,3.1522516330915393
CCPG1,HSPA5,5.485414054823079
CCT5,NUDT5,4.584417140392761
CCT5,PTP4A1,5.402227481438167
CD226,NPDC1,5.39028473283876
CD320,CD320,4.560636342967359
CD320,CREM,4.704598270320916
CD320,E2F5,4.759057647860347
CD320,FGFR1,3.4465696713077714
CD320,IL18RAP,3.311397075236153
CD320,KCNG1,5.397606966841536
CD320,NUP93,4.722540052625205
CD320,PSMB2,5.484499784244662
CD320,RFNG,5.851276134094299
CD320,RRM2,4.865195276532546
CD320,SFPQ,5.9576107162096
CD320,SOCS5,5.8678390726792475
CD320,TGFB1,4.745949032536949
CD320,TIMP1,5.417262508976023
CD320,WDR6,5.311423920446548
CD320,ZNF768,5.101150776255235
CD44,DGCR14,3.6605323900095246
CD44,PAQR8,3.9557993805971825
CD44,PPM1L,5.47000384482681
CD44,RARRES1,4.7712856493840725
CD44,SUCLG1,3.357766263430102
CD55,PSMB2,3.1736080651764613
CD58,ATP5G1,3.004978725439716
CD58,CD58,4.0007018314931
CD58,CDH11,3.336711124692469
CD58,CTBP2,5.422488105937168
CD58,DIS3,4.814132796642491
CD58,FASLG,5.4044520791984745
CD58,GNAI3,4.775149314711717
CD58,HDAC11,5.0216611971139
CD58,HMGB1,3.2016008726439136
CD58,KCNQ1,3.0951787649883618
CD58,LGR4,5.766036137812184
CD58,NFKB2,5.805426137098559
CD58,NRBF2,3.520185882401792
CD58,PCGF5,3.771858080519935
CD58,PHF11,5.101881181871185
CD58,PHF5A,3.5386192439465187
CD58,PQBP1,5.711278698191592
CD58,PRDX5,4.812491820978225
CD58,PSMG1,4.992428820526255
CD58,PTDSS1,5.005871877914589
CD58,SF1,3.4562860193513947
CD58,SIRT3,4.492496418610276
CD58,SORD,3.192368982689065
CD58,SOS2,5.881243970783576
CD58,SSB,4.031712627115802
CD58,STRADB,5.460425584145893
CD58,TIRAP,4.470944379512343
CD58,TPD52L3,4.673251963893791
CD58,UBC,4.872245437722949
CD58,VCAN,3.073838632568235
CD82,MCM7,5.97084702098881
CDA,RPL7,4.643927734729976
CDC20,ANO1,3.12565807292181
CDC20,AP2A2,4.266089067895263
CDC20,ASRGL1,5.846402166065867
CDC20,BIRC6,4.111853642987167
CDC20,BLOC1S1,4.969316755617058
CDC20,CCBL1,5.646502440738439
CDC20,CCNG1,4.562460417972902
CDC20,CD59,3.967515596719598
CDC20,CDC20,4.735747682900493
CDC20,CDH11,3.2036930519719
CDC20,CDIPT,3.106430654174225
CDC20,CFB,3.347452837193033
CDC20,CHKA,4.024054201101893
CDC20,COL13A1,4.0146741224574765
CDC20,COL4A2,3.551612433549019
CDC20,COPZ1,3.903054356972677
CDC20,CREB3,4.6850358391799976
CDC20,CSNK1G2,3.360100471505603
CDC20,DCP1A,3.155104579282294
CDC20,DPP4,4.347258925298168
CDC20,E2F8,3.4668404986305683
CDC20,ECSIT,5.322957542090327
CDC20,EGR1,3.366087852855655
CDC20,EHHADH,4.855006003111334
CDC20,ELF3,4.740850243782936
CDC20,GPI,4.821245699204224
CDC20,GPRC5B,4.910414016100109
CDC20,HBP1,4.767579059318815
CDC20,HLA-DRA,5.85599107390949
CDC20,HSPA5,5.823112127515552
CDC20,ID3,5.601821226722871
CDC20,IL20,5.3595164225224305
CDC20,ISL1,3.7191303262048274
CDC20,ITGA2,5.734702744500801
CDC20,KLHDC9,3.6404869654010192
CDC20,KRT26,4.926596516199246
CDC20,LGALS2,3.9923697241720433
CDC20,LTA4H,3.242220413406667
CDC20,MAP2K6,5.722323129109936
CDC20,MMP2,5.529682298980846
CDC20,MORF4L2,3.812582903081285
CDC20,NAGK,5.837095373102944
CDC20,NDUFA4,5.244892423596939
CDC20,NFATC3,4.8103364221910905
CDC20,NID1,3.7953460115022644
CDC20,NKX2-3,4.528778794709693
CDC20,NR1H3,5.7701959386620185
CDC20,P4HB,5.770499436429
CDC20,PAK1,5.982638655544616
CDC20,PDK1,3.4003215279263364
CDC20,PFAS,5.499980384049188
CDC20,PHB,3.911039133687359
CDC20,PPARA,4.720393052052864
CDC20,PSMB5,4.341840250689214
CDC20,PSMD2,4.4950848662450245
CDC20,PVRL2,4.032103636059601
CDC20,RFWD2,3.9414680631846304
CDC20,RHOB,4.614445340897842
CDC20,SDHA,3.7863275231453817
CDC20,SERPINA7,5.76526709172912
CDC20,SERPINB5,3.7914833179272325
CDC20,SFPQ,5.300447846520727
CDC20,SORD,5.924243348831274
CDC20,SSX2,4.8209701977121515
CDC20,SUPT5H,5.117338302562539
CDC20,SYT1,4.3001807970684
CDC20,TAB2,3.353426276069138
CDC20,TCF7,3.699015908295396
CDC20,TSG101,3.9224665357536144
CDC20,TST,5.397662353707109
CDC20,TYRO3,3.2769517323381034
CDC20,ZNF263,4.758083167866809
CDC20,ZNF517,4.201294016670257
CDC20,ZNF524,3.9741864739977584
CDC20,ZNF561,4.675474003718576
CDC20,ZNF643,4.228370599290943
CDC20,ZNF678,3.067346509022606
CDC25B,ACADS,4.809713538597184
CDC25B,APOE,5.157428556434267
CDC25B,ARNTL2,5.210517943986222
CDC25B,BCAT1,4.29067102224028
CDC25B,CASP4,5.492191370860118
CDC25B,CCDC86,4.92838984667183
CDC25B,CD59,3.0143144946469946
CDC25B,CDC25A,3.7228883804866664
CDC25B,CDC25B,5.543814140045413
CDC25B,CHKB,5.846434913877145
CDC25B,CPT2,3.146499928410407
CDC25B,CRABP1,3.9607646900283413
CDC25B,EPO,4.8801772529044225
CDC25B,GPR176,5.42559342456169
CDC25B,HDAC11,5.301847921220802
CDC25B,IRAK4,4.950981253279156
CDC25B,ISL1,4.191987761528698
CDC25B,JUNB,3.3165010003021953
CDC25B,NDUFA1,4.244539134988987
CDC25B,NDUFC1,3.311130998845659
CDC25B,NKX2-3,4.924541921740001
CDC25B,P4HB,3.9917545368070493
CDC25B,PDXP,5.145271348689144
CDC25B,PSMA1,3.4933440380483503
CDC25B,PSMA3,4.9156307583731795
CDC25B,PSMB2,3.5407719494659333
CDC25B,PSMB5,3.7136659970437536
CDC25B,PSMD2,5.870626875369213
CDC25B,SEC61A2,5.936335140291105
CDC25B,SLC29A1,4.246994357016267
CDC25B,SMAD5,5.145075461979033
CDC25B,TAB3,4.252562879096679
CDC25B,UBC,5.46069789798785
CDC25B,UBE2L3,3.826470460032071
CDC25B,UNG,4.888983684005552
CDC25C,RPL7,5.347987001092882
CDC42,ABL2,4.078107850725061
CDC42,BIRC2,5.015917823545703
CDC42,C16ORF80,4.672665684309191
CDC42,CCNE2,4.349869839732264
CDC42,CCT7,3.8124039906464846
CDC42,CDC42,4.544608848592935
CDC42,CHKA,5.195720055560756
CDC42,CYP1A1,5.561425708559156
CDC42,EPHX1,4.8718213151462795
CDC42,GNAI2,4.735421980126391
CDC42,GPR101,5.080975327964512
CDC42,GPR158,5.841053948816308
CDC42,INHBE,3.6666295702053304
CDC42,LGR6,3.459555077879669
CDC42,MIF,4.933896489481969
CDC42,NFKBIE,4.421803695192359
CDC42,OGDH,4.487436005929168
CDC42,RBL2,4.039853808768521
CDC42,RFX6,4.868278520592842
CDC42,RNGTT,3.5365864795979767
CDC42,RYK,4.476035835223957
CDC42,TIAM1,5.010964848334799
CDC42,TPD52L2,5.364409543576137
CDC42,UGCG,3.9076833543649676
CDC42,WARS,4.952026059630608
CDC42,ZFYVE19,3.7670918959051836
CDC42,ZNF805,4.4989729108992815
CDC45,ATG16L2,5.329118557408282
CDC45,ATP5D,4.594856594132365
CDC45,CALM2,5.363318754676827
CDC45,E2F5,5.046695992680537
CDC45,IL1B,4.326145369493708
CDC45,PAK3,3.2973424847360815
CDC45,POLR2A,4.988634523748921
CDC45,RPL7,3.4903262619444626
CDC45,S100A4,3.5305150857943435
CDC45,SDHA,4.592542782078699
CDC45,SFPQ,5.747196463380643
CDC45,SRC,5.808544745026222
CDC45,SRSF3,5.751066597298456
CDC45,ZFX,5.917409395696472
CDCA4,IFNAR2,5.1063696461064545
CDCA8,TSG101,3.3335307444566977
CDCP1,RPL7,3.4164971075003585
CDH3,DCPS,5.588172754726054
CDK1,CDK1,3.0408041317447387
CDK1,E2F5,5.490378259125378
CDK1,PSMB2,5.2200659513508825
CDK1,PSMD1,5.792095829659445
CDK1,RPL7,4.2279627458008475
CDK1,STAM,4.683295637938896
CDK19,CREBBP,5.471233207632918
CDK19,HAVCR1,4.199338943421212
CDK19,SUCLA2,5.086905515894993
CDK2,TSC2,3.1165546054547786
CDK2,ZNF561,5.75179948546228
CDK2AP2,HSPA5,3.4406014585271074
CDK4,ARNTL2,5.677706119896561
CDK4,CDK4,3.925213926859596
CDK4,CHAC1,4.694384606034969
CDK4,CYP3A5,5.023725918755939
CDK4,ERH,3.0802426396078557
CDK4,HRH1,4.842029732085285
CDK4,MCM7,5.267125210479919
CDK4,PAPD7,3.9227007553125013
CDK4,PPARA,5.264722259357724
CDK4,RALGDS,5.728743805082943
CDK4,SWAP70,3.426775086851709
CDK4,UBC,4.363560000051604
CDK4,USP15,4.682697805466093
CDK4,WFDC2,4.365489555523667
CDK4,ZNF263,5.561948716710783
CDK4,ZNF561,4.2068642800935985
CDK4,ZNF643,3.5609133526444205
CDK5R1,APC,3.4543542857406497
CDK5R1,BRPF1,5.5167817736405365
CDK5R1,RPL7,3.4297640095003366
CDK6,HERPUD1,3.326507067984547
CDK6,PYCR1,4.871837230181988
CDK6,RNGTT,5.929180469799436
CDK7,CDK7,4.348558029046281
CDK7,LMO4,3.9300555400155
CDK7,NAGPA,5.038792872767797
CDK7,PSMA1,4.614576945714578
CDKN1A,AHR,3.5496841338201066
CDKN1A,ARHGAP1,5.79157598951822
CDKN1A,BUB1B,3.479484035629194
CDKN1A,CARD9,4.526365071313226
CDKN1A,CBR3,4.63284588930045
CDKN1A,CCDC86,4.51873646031158
CDKN1A,CD83,3.8131873442489286
CDKN1A,COPS7A,4.815613396360902
CDKN1A,CRADD,3.7591984244533716
CDKN1A,DCPS,5.9530444874515585
CDKN1A,GPER,5.761961553253553
CDKN1A,GPR176,4.500432811953509
CDKN1A,HIST1H2BK,3.6062316846687255
CDKN1A,HIST2H2BE,5.858918627944496
CDKN1A,HOOK2,3.1480768724027213
CDKN1A,HOXA1,3.6889834908201
CDKN1A,HSPA5,5.951456245591785
CDKN1A,HYOU1,4.819791551496763
CDKN1A,IGFBP2,3.049788766114146
CDKN1A,MAPK1IP1L,3.1981918545678836
CDKN1A,MCM3,5.144270125882828
CDKN1A,MVP,4.4859391820390275
CDKN1A,PEPD,4.426204513161376
CDKN1A,POLR2A,3.3832818587653346
CDKN1A,PSMB2,3.3611737464304015
CDKN1A,PSMB5,5.172898527447368
CDKN1A,RDBP,4.529368127124275
CDKN1A,RFC2,4.6028257314970755
CDKN1A,RPL7,3.0045535678789683
CDKN1A,RUVBL1,5.548979974734122
CDKN1A,RXRA,5.818928264256949
CDKN1A,RYK,4.498302328461268
CDKN1A,SDF2L1,4.459132654169605
CDKN1A,SFPQ,4.007985111623658
CDKN1A,TRRAP,3.2361235847039813
CDKN1A,TSG101,4.982103694763412
CDKN1A,TTK,5.938875803276517
CDKN1A,VPS28,4.432610620363269
CDKN1A,WFDC2,3.941433191166248
CDKN1A,ZFP161,3.3766074217985738
CDKN1A,ZMIZ1,5.93992995551253
CDKN1B,AIMP2,4.027720212300869
CDKN1B,ARHGAP1,5.473385845645937
CDKN1B,AURKAIP1,5.726447142089773
CDKN1B,CES2,3.0898096012283953
CDKN1B,E2F5,3.7706319467031166
CDKN1B,ERCC3,3.5290098518602395
CDKN1B,GFOD2,5.382396818678786
CDKN1B,GTF2I,5.566235285614667
CDKN1B,HS3ST3A1,4.833673576228364
CDKN1B,LAMB1,5.962084459316516
CDKN1B,MAP3K14,4.957481683082788
CDKN1B,MYCL1,4.545340397101752
CDKN1B,NDFIP1,4.646384988929494
CDKN1B,NTRK1,4.181045661437111
CDKN1B,PHF1,3.8595944666340376
CDKN1B,SHMT2,3.228089619226683
CDKN2A,CDKN2A,4.545432684327
CDKN2A,FAF1,5.357885246199383
CDKN2A,GNAI3,3.3906432114827716
CDKN2A,ME3,4.375396934356363
CDKN2A,ZNF643,3.345599915076353
CDSN,ZNF643,5.190914853033478
CEBPB,ABCG5,5.363388229255856
CEBPB,AMPD2,5.1050603285039315
CEBPB,ATG4D,3.18683980866744
CEBPB,BHMT,5.04771240736223
CEBPB,CAMK2G,4.898330448532858
CEBPB,CARD11,4.551144419398426
CEBPB,CELSR2,3.9775973335702957
CEBPB,CXADR,5.1912582271433685
CEBPB,DGKA,4.609922423953278
CEBPB,DIS3,5.057947373243009
CEBPB,DNMT3L,5.986105134981614
CEBPB,E2F5,4.804388165831169
CEBPB,FECH,3.23829000845832
CEBPB,FGA,5.0786117069808725
CEBPB,FOXJ3,4.928877552833208
CEBPB,GPR19,4.2088905041523645
CEBPB,HDAC10,5.438926839175419
CEBPB,KRT8,5.359476720628382
CEBPB,LGALS3,4.650533514349199
CEBPB,MAN2A2,3.961882611800034
CEBPB,MED26,3.780828044329314
CEBPB,NFATC2,5.834937664957479
CEBPB,NXF1,4.308769200117476
CEBPB,PAQR8,5.4753908558959345
CEBPB,PHTF1,3.6379178757546917
CEBPB,POLA2,4.161299311843463
CEBPB,POLE3,4.27703533802004
CEBPB,PRKAA2,3.0768470256200455
CEBPB,PSAP,3.2198647482696434
CEBPB,QPRT,3.638782546858023
CEBPB,RRAGD,4.281203114119573
CEBPB,RXRB,5.462602087542856
CEBPB,SIRT7,3.3013831393472763
CEBPB,SLC25A20,5.5046358682979655
CEBPB,SOS2,4.684463188281486
CEBPB,SOX3,5.694312368710707
CEBPB,SUCLG1,5.4183095624781945
CEBPB,SUPT5H,5.987597212801008
CEBPB,TAB3,5.063378481191469
CEBPB,TAF13,5.9003664375763245
CEBPB,TXNRD3,5.2031014483944125
CEBPB,UGT1A1,3.01568246680798
CEBPD,ASRGL1,3.2419561935784627
CEBPD,CEBPD,3.3596439638095887
CEBPD,CHAC1,3.3620069868819025
CEBPD,CYP1A1,3.4471320515272144
CEBPD,ISL1,5.827260424458214
CEBPD,RNMT,3.2263989288001285
CEBPD,WARS,5.13737494814457
CEBPD,ZNF263,5.771071185171834
CEBPD,ZNF643,5.857116682760184
CEBPG,HSPA5,3.001499704104835
CEBPZ,ABCC3,5.724323935486442
CEBPZ,CEBPZ,4.906771511745633
CEBPZ,LDHB,5.205104396204979
CEBPZ,PARP4,5.836751025976352
CEBPZ,PLAT,3.6769061135768
CEBPZ,RNF186,4.6977623483896895
CEBPZ,SLC5A6,4.107342266307951
CEBPZ,TGFA,3.7800906041880165
CEBPZ,TNFAIP1,5.579227945341655
CEMIP2,PPP4R1,3.425789653634542
CEMIP2,TMEM2,4.075789544378855
CENPE,CYC1,4.675309094826848
CENPE,USP9X,5.776527155579837
CENPM,RPL7,3.3111146969354865
CENPT,PSMA3,5.203653494445415
CENPT,PSMB2,4.789829137781853
CEP57,FBRS,3.3604800515364044
CEP57,MFHAS1,4.593068464427798
CERK,BPHL,4.906014552905713
CERK,DCPS,3.1857102907129047
CERK,HNF4A,4.57515575282394
CERK,MUT,3.014404161918131
CERK,PAK4,3.615412152773634
CERK,PMPCB,3.502757381295372
CERK,POLR3C,5.384899752493983
CES1,ABCA1,5.218892405940924
CES1,AIFM1,3.319896354239181
CES1,AIM2,4.041251924042784
CES1,ALDH3A1,5.561689000705621
CES1,ARF4,5.056846770002263
CES1,ARID3A,3.465191908121072
CES1,ARL1,4.119111365854613
CES1,ARNTL,3.4718958807115303
CES1,ARPC4,4.748152733239942
CES1,ASAH1,3.533514921588477
CES1,ASRGL1,5.562581167627605
CES1,ATP5O,5.435479881879496
CES1,AXL,3.5486410263570916
CES1,BIRC6,3.3454565064744313
CES1,C2,4.110036037313941
CES1,CALML6,5.673309388339735
CES1,CAND1,4.020570847875187
CES1,CASD1,3.5227848892432774
CES1,CD59,3.349196539681694
CES1,CDC20,5.52662682787191
CES1,CDK11B,5.829871779979602
CES1,CKS1B,5.231309623616751
CES1,CLPP,5.560519865054462
CES1,CNOT8,4.413231615963607
CES1,COPS7A,4.456244177919459
CES1,CREB3L1,3.7842258905259696
CES1,CSNK1G2,4.6147840868876635
CES1,CTNNBIP1,4.344081820519639
CES1,CXCL12,4.296330172457461
CES1,CYB5B,4.862035778201371
CES1,DDX39B,3.2139408720619405
CES1,EGF,3.75457433848184
CES1,EMR1,5.804706111832784
CES1,ESR2,5.743017973320294
CES1,EXOSC8,5.513285287348217
CES1,FABP1,4.244704295560597
CES1,FADS1,5.676155510386374
CES1,FASLG,4.467979981105972
CES1,FECH,3.7577077612630942
CES1,FOXF2,3.1408075211670017
CES1,FOXQ1,5.286031140939361
CES1,FZD7,3.066412389641114
CES1,GABRA5,3.5552904931696974
CES1,GABRP,3.526032329732186
CES1,GAMT,3.8275900417017352
CES1,GAS6,4.646634130335885
CES1,GBP2,3.0463210583643896
CES1,GGT1,4.4615746792342525
CES1,GPR101,4.904290419535128
CES1,GPR119,5.897420143510268
CES1,GPR141,3.3760489427205918
CES1,GPR158,3.1742785034067014
CES1,GPR172A,5.391808796776855
CES1,GPR39,4.8344724915023685
CES1,GPR78,3.726518149740909
CES1,GPR84,3.2385908223712834
CES1,GRB7,3.1818750468402066
CES1,HDAC10,4.5714517679392035
CES1,HEXB,5.065481603651907
CES1,HIST1H2BK,5.445221064937797
CES1,HLA-DMA,3.4895231370403996
CES1,HLA-DPA1,5.824994217065294
CES1,HNF4G,4.780060499163901
CES1,HOMEZ,3.570600860242179
CES1,HRH1,3.1102459888729324
CES1,IL11RA,4.584265255223296
CES1,IL2RB,5.973018228359552
CES1,IPMK,5.581835099723751
CES1,ISG20,5.298782262163815
CES1,ITGAV,3.618820403920941
CES1,KLF3,5.024030530951306
CES1,KRT25,4.336504097017935
CES1,LCMT1,4.176126247639337
CES1,LMNA,5.039362471766714
CES1,LPAR3,3.884280225785779
CES1,LPAR6,5.787371028197849
CES1,LPXN,4.311995821686258
CES1,MAPK12,5.360832314460214
CES1,MARS,5.5137771942894815
CES1,MBD6,4.815683567905982
CES1,MED15,4.743961811190317
CES1,METTL14,3.8012104161457954
CES1,MLLT6,3.627072039145304
CES1,MMP14,4.381297655229243
CES1,MMP2,4.397865433896828
CES1,MRGPRD,5.046314767004229
CES1,MSL3,3.5101224272772713
CES1,MTAP,5.834557617208532
CES1,NAIP,3.0251030791417235
CES1,NASP,4.645943558757109
CES1,NID1,3.355151438723997
CES1,NRIP3,5.655479077019056
CES1,NT5E,3.9787482121149034
CES1,NTSR1,3.687676932873541
CES1,PAK1,4.897852376143048
CES1,PC,3.178954801964064
CES1,PCK1,4.330969759116722
CES1,PDE4D,5.066411520571899
CES1,PDIA5,4.65463528242879
CES1,PDLIM4,4.736871109837327
CES1,PFAS,3.1945368305341777
CES1,PFKL,5.511484482505568
CES1,PHF13,3.514013358323715
CES1,PHF23,5.506013153556804
CES1,PISD,3.4317524431328876
CES1,PLOD1,4.073557058660037
CES1,PNPO,4.508963055173759
CES1,POLG,3.7255358672788477
CES1,POLR1E,5.830404345720211
CES1,PPAP2B,5.878677437739352
CES1,PPT2,4.62682086023908
CES1,PSMA3,3.1182670814901536
CES1,PSMB7,5.524411932670672
CES1,PSMD2,5.171401199061548
CES1,PSMD5,5.983569299335805
CES1,PSMF1,4.722644709880087
CES1,PSPH,4.678612552641642
CES1,PTGFR,3.770356996933238
CES1,PTS,4.542232388945326
CES1,RARG,5.870462420063092
CES1,RBCK1,4.209172587777685
CES1,RBX1,3.501717129604086
CES1,RFX4,5.969342155312248
CES1,RIPK3,4.449889520667062
CES1,RNF5,5.698363142098211
CES1,RNPS1,5.073067232654527
CES1,RPS13,4.67083815005032
CES1,SARS,5.283034982249208
CES1,SAT1,5.460802045855894
CES1,SCAND1,4.64581388338388
CES1,SEC24D,3.5577746022398573
CES1,SERPIND1,3.1568587391080696
CES1,SERPINF2,5.439135485810269
CES1,SLC6A14,4.782364109460069
CES1,SMO,5.184532452372717
CES1,SNAI2,4.7378821081914
CES1,SNW1,4.758656085132031
CES1,SOCS1,5.817415560725606
CES1,SOX2,5.578286373912192
CES1,SUPT16H,5.602054340112826
CES1,SUPT5H,4.164666475229773
CES1,TAB2,4.293632449404124
CES1,TAB3,5.095086302567408
CES1,TADA2A,3.3839603477597846
CES1,TAF5L,4.983307866816107
CES1,TNFRSF13C,3.937537394783029
CES1,TRPS1,5.041774883792209
CES1,TST,4.407593350565232
CES1,TUBD1,3.115047583007809
CES1,TXNRD3,5.417666221024161
CES1,TYRO3,4.7698387058679454
CES1,UBC,3.941290524332302
CES1,UGCG,5.509795108461347
CES1,ULK3,4.444575876217495
CES1,VAMP3,4.451093616564968
CES1,WARS,4.989059797853102
CES1,XK,5.566724491924141
CES1,ZBTB45,5.054883229924755
CES1,ZNF263,4.656950576935499
CES1,ZNF267,4.278933903693781
CES1,ZNF561,4.091628806134533
CES1,ZNF576,4.49837708991281
CES1,ZNF643,4.942092336481127
CES1,ZNF658,5.88903475196136
CETN1,ZNF561,4.011658553516926
CETN3,SUCLA2,3.016510264632821
CETP,E2F5,3.1532027364607544
CFAP70,ZNF561,5.328928542353528
CFLAR,BIK,3.721778048585165
CFLAR,C1QBP,4.400483310594613
CFLAR,CLCN5,5.79167115291941
CFLAR,EPOR,5.233991873741735
CFLAR,GABBR1,5.382797066755872
CFLAR,LYPD3,3.2213412223543294
CFLAR,NKX2-3,5.975797119596068
CFLAR,PSMD2,4.696872078190999
CFLAR,RPL7,4.607520945013547
CFLAR,SGCB,3.102650410064493
CFLAR,SRSF3,5.455460607159498
CFLAR,UBA52,5.688328430621818
CFLAR,UFD1L,5.265688914572035
CFLAR,ZNF434,4.092100335493688
CFLAR,ZNF561,5.8815788697464875
CGGBP1,RPL7,4.288469534310325
CGRRF1,CDH11,4.547761821266711
CGRRF1,CGRRF1,5.376765062847315
CGRRF1,FFAR1,5.356170436824872
CGRRF1,GCLM,5.4836125760309695
CGRRF1,ITGA2,4.123708208376334
CGRRF1,MAP3K1,3.052229496513781
CGRRF1,NDUFS4,3.5871558888824624
CGRRF1,NMRAL1,4.3784321787814084
CGRRF1,PSAP,4.007262788315578
CGRRF1,PSMB2,5.901213287828549
CGRRF1,PSMB5,3.770841468197642
CGRRF1,RAB11A,3.861349287058805
CGRRF1,RPS5,5.050315609766249
CGRRF1,SFPQ,5.202491665981896
CGRRF1,TFDP2,4.951270982334856
CGRRF1,ZNF502,3.146019113028164
CHEK1,CHEK1,4.244599994560663
CHEK1,E2F5,5.803498970252496
CHEK1,HMGN3,3.7790545373692606
CHEK1,MED21,5.9818132834361695
CHEK1,PLAU,4.571105332939669
CHEK1,RHOA,3.97050479239203
CHEK1,TNFRSF18,3.870975294158091
CHEK1,TSG101,3.323133346719886
CHEK2,ARHGEF11,5.866690745195745
CHEK2,ATIC,3.0651415119068526
CHEK2,CEBPD,4.715617637224356
CHEK2,DCPS,4.963396843048151
CHEK2,DHFR,5.332443379149453
CHEK2,FER,3.1879567400808213
CHEK2,GRIN3A,4.3210984841886315
CHEK2,NMRAL1,3.3873113563961743
CHEK2,PHF19,4.595580588012382
CHEK2,PON2,3.376414123011173
CHEK2,PPARA,5.111126906862222
CHEK2,RNF145,4.543854943290432
CHEK2,RPL7,5.570282858230366
CHEK2,WNT11,5.88547445551981
CHEK2,ZBED1,5.498810768614274
CHEK2,ZNF490,5.113709172064974
CHEK2,ZNF559,5.094286844762416
CHERP,CHERP,4.414322979931313
CHIC2,ANGPT1,4.426922614519737
CHIC2,ATG7,4.775529808952954
CHIC2,BUB1,3.389274237025967
CHIC2,CARS,4.6198438809267355
CHIC2,CD97,5.631281791568821
CHIC2,CPD,3.209064046631391
CHIC2,DCPS,5.029500951613057
CHIC2,DDC,4.185259437947634
CHIC2,DHPS,4.905499564484329
CHIC2,DYRK1A,5.454374853536584
CHIC2,FANCL,4.644016925033381
CHIC2,FTCD,5.911255925925104
CHIC2,GABRP,3.7084660174277917
CHIC2,GPR158,3.7854091501976215
CHIC2,HSPA4,3.0769211907125804
CHIC2,HSPA5,5.053484663318124
CHIC2,LSR,5.369541499481844
CHIC2,LTA4H,5.881642577352154
CHIC2,MKNK1,5.688465195865636
CHIC2,NXF1,4.383986685725935
CHIC2,PCBD1,4.673063642946474
CHIC2,PDCD2,3.9947111394827655
CHIC2,PSMA1,5.337105074646564
CHIC2,PSMB5,5.463895734418809
CHIC2,PSMD2,5.047733233731383
CHIC2,RCAN1,3.1191410664865247
CHIC2,RPL7,5.938291463156389
CHIC2,SEC24C,4.293910889559186
CHIC2,SLC25A28,3.440659261367853
CHIC2,SLC3A2,3.5184481028731516
CHIC2,TASP1,4.522727386431217
CHIC2,VCP,5.691042881697499
CHIC2,WNT7B,4.7551709931122526
CHIC2,ZNF432,5.573293024876564
CHML,PSMA1,3.2275501407248663
CHMP4A,ABCB1,3.001710461337626
CHMP4A,ACAD8,5.862985256406595
CHMP4A,ADORA2A,3.4332158098863985
CHMP4A,ADORA2B,3.9790412915789264
CHMP4A,AIM2,3.190129723378318
CHMP4A,AKAP17A,3.6305147125908492
CHMP4A,AKT2,5.161153029215983
CHMP4A,ALX1,3.600082504362284
CHMP4A,AMBP,5.943922833945351
CHMP4A,ANAPC5,4.170671395197064
CHMP4A,ANKRD37,4.6383622057257075
CHMP4A,ANP32E,5.784236243094757
CHMP4A,ANXA3,4.453884016175267
CHMP4A,AP2A2,3.369162076080867
CHMP4A,APOM,3.03983290299315
CHMP4A,ARFRP1,4.735405526413742
CHMP4A,ATG4A,4.7822534918589765
CHMP4A,ATG4B,4.715589000172776
CHMP4A,ATP11B,4.08372342565327
CHMP4A,B4GALNT1,5.719560641228625
CHMP4A,BACE1,5.640140818767708
CHMP4A,BCKDK,4.398833582316468
CHMP4A,BCLAF1,3.291735625285246
CHMP4A,BDKRB2,5.812918349144706
CHMP4A,BIRC2,4.306323939965927
CHMP4A,BNIP2,3.801958380566983
CHMP4A,BTBD3,5.890327671457788
CHMP4A,C12ORF51,5.992439408215023
CHMP4A,C19ORF6,3.5775147109536736
CHMP4A,C3,5.333942875707077
CHMP4A,CAMKK2,3.356768708864223
CHMP4A,CAND2,5.977285447365027
CHMP4A,CARD11,5.871184056693606
CHMP4A,CASP14,3.525355603901215
CHMP4A,CCBL1,3.6605865318986295
CHMP4A,CCNE2,3.364141602811587
CHMP4A,CCNL1,3.797000507043329
CHMP4A,CDC37,3.824997494945664
CHMP4A,CDH11,3.703444443361211
CHMP4A,CDK2,4.123300729403282
CHMP4A,CERS3,3.705705268305324
CHMP4A,CERS4,4.817231818841222
CHMP4A,CHKA,5.496672681956492
CHMP4A,CHMP4A,5.943872948676718
CHMP4A,CLCN5,4.928792232284801
CHMP4A,CLTA,5.62065046044577
CHMP4A,CMAS,4.73556614043183
CHMP4A,CNNM2,4.515532274102488
CHMP4A,CNOT8,5.481559361617937
CHMP4A,CP,5.414651599011586
CHMP4A,CRCP,3.423930346479584
CHMP4A,CREB3,4.198179965531205
CHMP4A,CRY1,4.128999641142847
CHMP4A,CSNK1A1L,5.386636613575398
CHMP4A,CTNNA1,4.956466321426074
CHMP4A,CTSH,4.117499790089197
CHMP4A,CXADR,3.7935098971950034
CHMP4A,CXCL12,5.707316263084681
CHMP4A,DCLRE1B,4.531799204380161
CHMP4A,DDAH2,4.52937980044277
CHMP4A,DGKA,4.156085030153158
CHMP4A,DGKD,4.395754711863652
CHMP4A,DHRS3,3.409567444480576
CHMP4A,DLX2,3.2878876730783637
CHMP4A,DUSP1,3.299801084198392
CHMP4A,DYNLL2,5.7805069644981515
CHMP4A,E2F5,3.521296918001738
CHMP4A,EGR2,5.775443870159396
CHMP4A,EHHADH,5.990591447990829
CHMP4A,EIF3J,5.516397185262492
CHMP4A,EMR1,3.3063903955912486
CHMP4A,ENDOG,5.271739975004035
CHMP4A,ERO1L,4.896572320093512
CHMP4A,ESPL1,5.228854627142081
CHMP4A,F11,3.5118047441250155
CHMP4A,FADS2,3.2611884229708448
CHMP4A,FAU,3.609691386308723
CHMP4A,FDX1L,4.824726126583105
CHMP4A,FDXR,4.261474300008974
CHMP4A,FER,5.08194595441485
CHMP4A,FES,5.929374845548939
CHMP4A,FGB,4.614788076130161
CHMP4A,FGG,4.1560769135148075
CHMP4A,FOXA3,3.17873502101243
CHMP4A,FTCD,4.665345877582224
CHMP4A,GABBR2,5.252480814627058
CHMP4A,GABRB3,4.09564758302432
CHMP4A,GAMT,3.748588868310286
CHMP4A,GART,5.574389975721088
CHMP4A,GATA6,5.58460710200639
CHMP4A,GBP2,5.064811927692661
CHMP4A,GCA,5.849692820437639
CHMP4A,GCLM,4.9564290032752005
CHMP4A,GNA13,3.087465984362948
CHMP4A,GNAI1,3.482372299669567
CHMP4A,GNB1,3.687773877128721
CHMP4A,GNG5,4.19144212963111
CHMP4A,GPR123,4.544607792106601
CHMP4A,GPR126,3.2492780124101
CHMP4A,GPR139,3.8189339701395806
CHMP4A,GPR146,3.0574139308212
CHMP4A,GPR152,5.265370968249532
CHMP4A,GPR160,3.4637569447085745
CHMP4A,GPR19,3.4246975819216514
CHMP4A,GPR62,5.278125300762236
CHMP4A,GPR82,3.3205628475154976
CHMP4A,GPRC6A,4.151762700938471
CHMP4A,GTF2F2,3.00052767080812
CHMP4A,HAGH,4.498069490634457
CHMP4A,HAVCR1,4.649995858173364
CHMP4A,HDAC10,3.3612527020160314
CHMP4A,HLA-DMB,4.145165208696229
CHMP4A,HMGA1,4.935486176612484
CHMP4A,HMGB4,4.333581259168302
CHMP4A,HMMR,5.261704636046643
CHMP4A,HNF4A,4.722587609799267
CHMP4A,HPGD,4.539600230353347
CHMP4A,HSD17B4,3.723083139348441
CHMP4A,HSPA1A,4.890839260781165
CHMP4A,IKZF5,3.1017678343121333
CHMP4A,IL12A,5.6804308402574035
CHMP4A,IL15,5.862332714050847
CHMP4A,INPP5D,3.1639766664539106
CHMP4A,IPO4,3.631827555602498
CHMP4A,IRF5,4.008537259791453
CHMP4A,IRF6,3.9539853295982708
CHMP4A,ISX,4.060435967356529
CHMP4A,ITPK1,3.868961695029612
CHMP4A,JAZF1,5.2653228272790376
CHMP4A,KARS,4.943768567458218
CHMP4A,KAT5,5.890809921110467
CHMP4A,KCNQ1,5.598864629696379
CHMP4A,KLF6,4.2006454466412215
CHMP4A,KLK6,5.512357116322317
CHMP4A,KLRC1,5.961416485501925
CHMP4A,KREMEN1,4.196933115350639
CHMP4A,KRT8,4.516064996279927
CHMP4A,KSR2,5.17016246623024
CHMP4A,LANCL1,3.3656157361925225
CHMP4A,LGALS1,5.451537524230876
CHMP4A,LGALS2,3.6945112851024264
CHMP4A,LHX8,4.610091718956777
CHMP4A,LMAN1,3.6626928531955576
CHMP4A,LMO4,5.059804629426145
CHMP4A,LNPEP,5.811349398588048
CHMP4A,LRRC59,4.145740919983524
CHMP4A,M6PR,3.7018418488046683
CHMP4A,MAP3K1,5.131729691984058
CHMP4A,MARS,4.581466082748017
CHMP4A,MAT1A,5.367706020289262
CHMP4A,MAT2A,5.431543979382016
CHMP4A,MDH1,3.407079206949633
CHMP4A,MED12L,3.919490809650808
CHMP4A,MED21,5.265907264649382
CHMP4A,MLL3,4.1460441033327164
CHMP4A,MLLT3,4.723889766068602
CHMP4A,MMEL1,4.352932368927534
CHMP4A,MRGPRD,5.771764043632853
CHMP4A,MXD3,4.606454420490212
CHMP4A,NAB1,5.820174702675417
CHMP4A,NAGK,-5.596979512916976
CHMP4A,NAGPA,-5.264036733410463
CHMP4A,NASP,-5.060039428396017
CHMP4A,NDUFA13,-3.2157016228676447
CHMP4A,NDUFA4,-4.232481843027936
CHMP4A,NDUFA7,-5.4614720357389
CHMP4A,NDUFA8,-4.957653630527494
CHMP4A,NDUFB3,-5.517038903698173
CHMP4A,NDUFB5,-3.2582495691862707
CHMP4A,NDUFS1,-5.662980691488402
CHMP4A,NME4,-5.588512064206639
CHMP4A,NMUR2,-3.2024710869012565
CHMP4A,NR0B2,-5.129207795139472
CHMP4A,NR4A2,-3.787795338899989
CHMP4A,NT5C2,-5.88712689051615
CHMP4A,NUDT14,-4.815672547451424
CHMP4A,O3FAR1,-5.5432902988779595
CHMP4A,OPA1,-4.565788851573927
CHMP4A,OR5W2,-3.136827827976724
CHMP4A,OSMR,-5.4895597312284234
CHMP4A,OXER1,-5.669814228709212
CHMP4A,PAK3,-3.4722650691022445
CHMP4A,PCDHA10,-4.05642944489443
CHMP4A,PDAP1,-4.773459967750647
CHMP4A,PDLIM4,-5.734340839743769
CHMP4A,PEBP1,-4.866054591680788
CHMP4A,PEMT,-5.787856564724339
CHMP4A,PEX13,-4.484647534573563
CHMP4A,PFKFB3,-5.968209544596416
CHMP4A,PFN2,-3.776042495118673
CHMP4A,PGBD1,-3.547666757604888
CHMP4A,PHF17,-3.3390693634332416
CHMP4A,PHF19,-4.767375200083967
CHMP4A,PHYH,-3.5392152251981366
CHMP4A,PIM2,-3.5224849332384167
CHMP4A,PIM3,-3.5421836631393755
CHMP4A,PISD,-5.121736979634265
CHMP4A,PLA2G12A,-3.0584464789280394
CHMP4A,PLD2,-4.221416521167644
CHMP4A,PLXNA1,-3.2855676645790854
CHMP4A,POLR2C,-4.777655999494902
CHMP4A,POLR2F,-3.3775681301112455
CHMP4A,POT1,-4.609870661001161
CHMP4A,POU2AF1,-3.7241711086944838
CHMP4A,PPARA,-5.394095807692136
CHMP4A,PPP1CA,-3.328553551966076
CHMP4A,PRKAB2,-3.384362969469682
CHMP4A,PRMT1,-4.540011699895464
CHMP4A,PROSC,-4.223210689652635
CHMP4A,PSMA1,-4.746121431145998
CHMP4A,PSMA3,-3.3707784378670205
CHMP4A,PSMB2,-5.5185177209410705
CHMP4A,PSMD8,-4.799643802672302
CHMP4A,PTGS2,-3.1523280825597046
CHMP4A,PTP4A3,-3.6725651376467505
CHMP4A,PTS,-3.184380673448423
CHMP4A,PXK,-4.885691193493463
CHMP4A,RAB23,-3.680835756892345
CHMP4A,RAD50,-5.72363010344073
CHMP4A,RBMS1,-4.278818150925886
CHMP4A,RBX1,-5.622927904404495
CHMP4A,RDH14,-5.87855057532286
CHMP4A,RDX,-3.887411659244839
CHMP4A,RERG,-3.511697407301113
CHMP4A,RGS4,-4.9734119651015
CHMP4A,RHEB,-3.690693088614707
CHMP4A,RHOB,-4.597986536568854
CHMP4A,RNF138,-5.372974943726776
CHMP4A,RPS5,-3.637788356101597
CHMP4A,RRAGC,-5.907790440908571
CHMP4A,RRAGD,-4.065758633042509
CHMP4A,RSPH1,-3.4309455884192612
CHMP4A,SEC24D,-5.078179861790501
CHMP4A,SKP1,-4.4199781141543095
CHMP4A,SLC22A5,-3.953766108337988
CHMP4A,SLC25A15,-4.35882594341807
CHMP4A,SLC25A20,-5.900789217344728
CHMP4A,SLC25A5,-3.3498548365558243
CHMP4A,SLC2A2,-3.8620171291398013
CHMP4A,SLC3A1,-4.614009464705979
CHMP4A,SMAD2,-3.2557923728936036
CHMP4A,SMARCA2,-5.985072877167705
CHMP4A,SMARCA5,-4.9632939474855124
CHMP4A,SMARCC2,-3.8499404946475573
CHMP4A,SNAI2,-5.093028881669666
CHMP4A,SNAPC4,-5.502884497470371
CHMP4A,SOCS4,-4.859944576671301
CHMP4A,SOCS5,-3.8269294551982873
CHMP4A,SOX10,-5.9347998524196015
CHMP4A,SP140L,-4.779152811399418
CHMP4A,SPARC,-3.2787357776615553
CHMP4A,SPP1,-4.916504012670691
CHMP4A,SUB1,-5.953431105615041
CHMP4A,SUPT5H,-5.974354115200316
CHMP4A,TASP1,-4.376628374097343
CHMP4A,TCF7,-5.695555152218317
CHMP4A,TEAD4,-4.556112330046014
CHMP4A,TFAP4,-5.805299923553941
CHMP4A,TGIF2LY,-3.2200863372539974
CHMP4A,THRAP3,-5.30806159760271
CHMP4A,TMED7,-4.931137726226144
CHMP4A,TNFRSF18,-5.930172828935049
CHMP4A,TNPO3,-4.451714896173048
CHMP4A,TOMM40,-3.978520689271896
CHMP4A,TRAF1,-3.234588269953005
CHMP4A,TRIM16,-5.875751549962436
CHMP4A,TSHZ3,-5.632986734999956
CHMP4A,TUBA1A,-5.31898800553658
CHMP4A,TXN,-4.950660039302038
CHMP4A,UBE2V1,-5.458244611601918
CHMP4A,UGT1A9,-3.0764742494941895
CHMP4A,ULK3,-4.943185126271608
CHMP4A,UQCRB,-5.067127933427395
CHMP4A,USP15,-5.239402184180253
CHMP4A,USP9X,-3.6323304452591194
CHMP4A,WARS2,-3.747064765601511
CHMP4A,WNT9B,-5.677931841101087
CHMP4A,YARS,-5.041665351346714
CHMP4A,YEATS4,-4.394497053206427
CHMP4A,ZBTB45,-3.260552249346672
CHMP4A,ZFP36L2,-5.129741663000511
CHMP4A,ZNF138,-3.736126858408922
CHMP4A,ZNF174,-3.534720659207087
CHMP4A,ZNF182,-4.05334896663902
CHMP4A,ZNF212,-4.84448602127681
CHMP4A,ZNF238,-5.136664718860979
CHMP4A,ZNF268,-5.382201278956815
CHMP4A,ZNF432,-5.492079547426002
CHMP4A,ZNF454,-3.742276201402311
CHMP4A,ZNF546,-3.5549625361215424
CHMP4A,ZNF583,-5.7056117596095985
CHMP4A,ZNF624,-5.4298897068707985
CHMP4A,ZNF643,-3.7620307279188925
CHMP4A,ZNF673,-3.87841357508987
CHMP4A,ZNF677,-5.5554122588912875
CHMP4A,ZRANB2,-3.7756482838969707
CHMP4A,ZSCAN1,-4.36632015677554
CHMP4A,ZSCAN4,-5.072737414064481
CHMP6,DTYMK,-5.553156552821708
CHMP6,GPR151,-4.684558265207707
CHMP6,HOXB2,-4.713408619238909
CHMP6,HSD17B8,-3.1586888062192346
CHMP6,KLF3,-5.602385627797675
CHMP6,MEIS2,-3.0338744417869066
CHMP6,MEOX2,-4.141309840741847
CHMP6,RGS18,-3.4923249593301415
CHMP6,TFAP4,-5.219413429304013
CHMP6,ZNF643,-4.712237910281318
CHN1,ZNF561,-4.0246627469746015
CHORDC1,PSMB2,-3.687185690267493
CHP1,IL2RB,-5.098355212363461
CHP1,INTS12,-4.710300267426742
CHP1,MMEL1,-4.8740967203915035
CHP1,NKX2-3,-5.2364727548287195
CHP1,PSMB2,-4.7248471684029525
CHP1,ZBTB20,-5.834822021406827
CHRM2,ZNF561,-5.389369442411823
CHRM5,ZNF561,-4.962394097190403
CHRNB3,WARS,-3.724742862318931
CHST11,PSMA1,-3.226322730723534
CIAO3,CSNK1G2,-5.235011376017505
CIAO3,HLA-DRB3,-5.719013350705479
CIAO3,LCN2,-3.569149007434368
CIAO3,LGALS1,-3.786322970360886
CIAO3,MSX2,-5.3007073852228945
CIAO3,NFKBIE,-3.229250725277261
CIAO3,NKX2-5,-5.7417741484393465
CIAO3,ZNF398,-3.818953427893695
CIAPIN1,AIMP2,-5.79905113434034
CIAPIN1,BTBD3,-3.0351439674719374
CIAPIN1,COG4,-3.4164764709583775
CIAPIN1,COPZ1,-4.725285140646415
CIAPIN1,COX5A,-3.3839911130140954
CIAPIN1,CYP1A1,-3.3083279117742164
CIAPIN1,EEF1D,-3.6816199982708495
CIAPIN1,GGCX,-5.047016349312999
CIAPIN1,HDAC5,-3.875982441779257
CIAPIN1,IQGAP1,-5.537244571819804
CIAPIN1,ITGB1,-4.845687147852216
CIAPIN1,PMAIP1,-3.668421322433959
CIAPIN1,PRKAR2A,-4.294932657038812
CIAPIN1,SFPQ,-4.209965057015966
CIAPIN1,SLC1A4,-3.0627324924737223
CIAPIN1,SP140,-5.797703376109055
CIAPIN1,TSTA3,-3.6896875873819375
CIAPIN1,UBE2E3,-3.011369895771753
CISD1,CISD1,-4.002405075920434
CISD1,OAZ2,-5.543545975608028
CISD1,PUS7L,-5.649166600674618
CISD1,ZNF561,-5.081045522220689
CKAP2,NKX2-3,-3.6938610332155077
CKAP2,TSG101,-4.568495769539634
CLCF1,PSMB5,-4.137343580404172
CLCF1,RPL7,-4.130880288032813
CLDN14,WARS,-3.7522010246257933
CLIC4,AFG3L2,-4.461943502245144
CLIC4,ARNTL2,-4.0754266201938565
CLIC4,BCL2L13,-4.963387481266293
CLIC4,C19ORF6,-3.1100167866419537
CLIC4,CLIC4,-3.0649126304728975
CLIC4,CYP1A1,-5.7715608013310815
CLIC4,DAP,-4.901928281075143
CLIC4,EIF2B2,-4.291028148348034
CLIC4,EIF2B3,-3.468123366956128
CLIC4,EIF2B5,-3.0934676619932047
CLIC4,FOXJ3,-3.5979133708390894
CLIC4,GATAD1,-3.12710422932948
CLIC4,HIST1H2BK,-3.3556713715731363
CLIC4,MTX2,-3.1157365070396184
CLIC4,PHB2,-5.5557266863304715
CLIC4,PMS2P3,-5.652597815556782
CLIC4,RDBP,-3.5195785153971157
CLIC4,RIOK2,-5.710521386467036
CLIC4,RPL7,-4.7266923284898805
CLIC4,SRP14,-3.5173164369709817
CLIC4,TNFRSF10A,-3.081492359868276
CLSTN1,CTNNBIP1,-5.65845551568691
CLTB,ACO2,-4.041894002851866
CLTB,AKAP9,-5.562035792256648
CLTB,ANXA5,-5.094195871355261
CLTB,ATP6V0A1,-3.7904007555997117
CLTB,CLTB,-3.5398710597693697
CLTB,CSNK1D,-5.997055389435651
CLTB,GLS,-4.939982876820297
CLTB,HDAC3,-4.310172168607076
CLTB,MAPK1,-3.9307614312699757
CLTB,MED7,-5.002690953828286
CLTB,NCOR2,-4.083901254528752
CLTB,PIN1,-5.0055182642522205
CLTB,PRKCI,-3.82816140190569
CLTB,PSMA3,-3.4955480884365766
CLTB,PSMB2,-5.399581016040077
CLTB,PSMD1,-4.9488513374356025
CLTB,RPL7,-5.3538056772762666
CLTB,SMAD7,-4.174362397432832
CLTB,WEE1,-4.834189844091648
CLTC,CLTC,-3.253131116675304
CLTC,PFKFB3,-4.681334860039831
CLUAP1,ZNF561,-4.455205756589095
CMKLR2,WARS,-4.71396860457214
CNDP2,AK2,-4.695739874309011
CNDP2,C1QTNF6,-3.7061206242186877
CNDP2,CD320,-5.788122105620507
CNDP2,CNDP2,-4.047745058794941
CNDP2,ECI1,-3.8491833683648973
CNDP2,GFPT2,-3.599514557872511
CNDP2,GPR146,-4.77531771356969
CNDP2,ITPR1,-4.369195289169493
CNDP2,ME3,-3.1832374667481753
CNDP2,NDUFA3,-4.35657074953574
CNDP2,PAK1,-4.374370976058509
CNDP2,PFKL,-5.898205258561451
CNDP2,PIK3CD,-5.187215394021889
CNDP2,PSMA1,-5.099026277990816
CNDP2,PSMB5,-5.041835201587701
CNDP2,RNGTT,-4.026355721139045
CNDP2,SARS,-5.688358728288344
CNDP2,SIRT3,-4.416373503842715
CNDP2,TIRAP,-3.326696478550782
CNDP2,TSSC4,-5.037677927179412
CNDP2,UBE2D1,-3.493196967974794
CNDP2,ZFYVE19,-5.785622114160124
CNGB1,WARS,-5.880109291329411
CNKSR2,WARS,-4.011612805837846
CNOT4,BCL2L1,-4.475385073160188
CNOT4,CAPNS2,-3.893622313780359
CNOT4,CDH11,-5.846496071160081
CNOT4,CNOT4,-3.9113694891803625
CNOT4,GTF2F2,-5.638435584781503
CNOT4,IL2RB,-3.309624016320782
CNOT4,MUT,-3.219297924307793
CNOT4,PSMA1,-5.646094071712797
CNOT4,PSMA3,-5.79156923711787
CNOT4,PSMB2,-5.975371448206054
CNOT4,PSMB5,-3.8435153809802047
CNOT4,S100P,-3.6520642528816696
CNOT4,TNFRSF12A,-5.824785096564974
CNOT4,ZNF643,-5.273459820053553
CNOT4,ZNF662,-5.931274506351478
COASY,COASY,-3.994811877998897
COASY,SRSF3,-4.207334781498826
COG2,BCL2L1,-5.398351600737728
COG2,BMP4,-4.3092168232638075
COG2,C5,-3.5047013314879325
COG2,CAD,-3.909781005144558
COG2,COG2,-3.578968929510405
COG2,E2F5,-5.056227517487576
COG2,EIF3J,-4.463942534061572
COG2,FOXO4,-4.1614008768617285
COG2,GOT1,-4.7006306136011275
COG2,IL2RB,-5.078109904123199
COG2,LGR5,-5.8885383611386635
COG2,LRRC18,-5.56921116956816
COG2,MCM7,-4.624761731488276
COG2,NPY1R,-4.618029610700011
COG2,PAK2,-4.622140119088781
COG2,PARP10,-4.274392728788365
COG2,PPAT,-5.381659916475947
COG2,PPIA,-4.319308993402455
COG2,PSMB2,-4.551648020988461
COG2,RAD54L,-3.6728546723625133
COG2,SNRNP70,-4.163642657058501
COG2,TEAD4,-5.338854568653046
COG2,WNT9B,-5.301378352700449
COG4,COG4,-3.396345464654138
COG4,PKM2,-5.904480504499403
COG7,DIS3,-4.020347416655514
COL11A1,ABCB1,-3.4139368265269012
COL11A1,ACACB,-3.0328755146120283
COL11A1,ACAD8,-3.841604108192884
COL11A1,ACSL4,-3.0035791028190486
COL11A1,ACY1,-4.258254130530919
COL11A1,ADAR,-4.409758518175631
COL11A1,ADCY5,-5.725613443365893
COL11A1,AHR,-5.2687130970007034
COL11A1,AK4,-4.675165147311657
COL11A1,AMBP,-3.5430600468009628
COL11A1,ANG,-5.61729992656781
COL11A1,APEH,-3.593785408055074
COL11A1,APOE,-3.719942243118423
COL11A1,APP,-4.43595167315032
COL11A1,ARL3,-3.262934595266665
COL11A1,ARNTL2,-5.28767023423946
COL11A1,BAD,-3.7402901164401845
COL11A1,BNIP2,-3.051775138577017
COL11A1,CAMKK2,-3.13803067259835
COL11A1,CAPSL,-5.292593102959595
COL11A1,CASP6,-3.052004272086028
COL11A1,CBFA2T3,-5.741345384992922
COL11A1,CBLB,-5.972805477626869
COL11A1,CCDC86,-3.0751433704994344
COL11A1,CCNA1,-5.143733167637379
COL11A1,CDIPT,-5.3390996042220955
COL11A1,CDK9,-3.2260074926584497
COL11A1,CEACAM6,-5.24985699991446
COL11A1,CHAF1B,-4.296443697177862
COL11A1,CKB,-5.28485111676793
COL11A1,CLPP,-4.4921912764659195
COL11A1,COG7,-4.786209233631952
COL11A1,COPS2,-3.2871889411148527
COL11A1,COX4I1,-3.632933902537885
COL11A1,CPD,-5.343451746758029
COL11A1,CPT2,-4.428559219108466
COL11A1,CSNK1G2,-5.061444285581692
COL11A1,CTH,-5.55637624054773
COL11A1,CTNS,-5.795908149917025
COL11A1,CXCR2,-4.6326583792391185
COL11A1,CYP1A1,-4.5625803839830565
COL11A1,CYP3A5,-5.582931892054239
COL11A1,DCPS,-5.591081522148197
COL11A1,DGCR14,-4.715134379976529
COL11A1,DGKZ,-4.173258517024645
COL11A1,DHDDS,-3.6132295907725425
COL11A1,ECI1,-4.5594231252209845
COL11A1,ECSIT,-5.620549639146761
COL11A1,EGLN1,-5.5869468671216955
COL11A1,EHF,-5.425877056179292
COL11A1,EHHADH,-4.078273416159787
COL11A1,EIF3H,-5.291027040586698
COL11A1,ELL3,-4.332936768993654
COL11A1,EPB41L2,-3.9888539982006535
COL11A1,ERH,-5.03568078239169
COL11A1,ETV1,-5.295033359321679
COL11A1,FABP5,-3.4061979884125653
COL11A1,FADS1,-5.508252180593743
COL11A1,FCGR2A,-5.147091580510592
COL11A1,FDXR,-4.92636895057997
COL11A1,FERMT1,-4.318003938517489
COL11A1,FGB,-3.914333149628793
COL11A1,GABBR2,-3.38258122521347
COL11A1,GABPB1,-5.563582292186115
COL11A1,GABRA5,-5.7954661197272195
COL11A1,GDPD5,-4.730501004949129
COL11A1,GPR112,-4.861706704615619
COL11A1,GPR114,-5.160988747580179
COL11A1,GPR139,-5.303935224678458
COL11A1,GPR142,-4.666942227945299
COL11A1,GSK3B,-4.55450684434464
COL11A1,GYG1,-3.568191804832521
COL11A1,HCFC2,-4.658471343528728
COL11A1,HIST1H2BK,-3.2641908473055503
COL11A1,HLA-DQA1,-4.280466817239903
COL11A1,HLA-DRB3,-4.343519489910205
COL11A1,HLA-DRB4,-3.1117464633586702
COL11A1,HMGB2,-5.545561335623544
COL11A1,HMGB4,-5.87647587409138
COL11A1,HOXA1,-3.5483443990412455
COL11A1,HOXC4,-3.070849905910705
COL11A1,HSBP1,-4.497340409678513
COL11A1,HSD17B4,-4.3042554710326915
COL11A1,HSF5,-3.415322975362418
COL11A1,ID3,-3.4609635572555026
COL11A1,IGF2,-4.462734397259428
COL11A1,IL15,-4.508282540702913
COL11A1,ITGA3,-5.852170085971987
COL11A1,ITPR3,-5.610856477961522
COL11A1,JMJD7-PLA2G4B,-4.644223432403149
COL11A1,JOSD1,-5.564608432386228
COL11A1,KDM3A,-3.596739961397198
COL11A1,KLF14,-3.7036954582376143
COL11A1,KLF3,-4.883949026735464
COL11A1,KNDC1,-5.765898270868117
COL11A1,KREMEN1,-3.280351604315081
COL11A1,LGALS1,-5.585073610465537
COL11A1,LMAN1,-5.098595703468348
COL11A1,LRRK2,-5.395559001699698
COL11A1,MAP3K5,-3.7004309159100663
COL11A1,MCM8,-3.9679704700436615
